threshold,pending_count,pending_ratio,exact_match_acc_human_100%,exact_match_acc_human_90%,exact_match_acc_human_80%
0.0,321,1.0,1.0,0.9,0.8
0.0005,321,1.0,1.0,0.9,0.8
0.001,321,1.0,1.0,0.9,0.8
0.0015,321,1.0,1.0,0.9,0.8
0.002,317,0.9875,1.0,0.9012,0.8025
0.0025,306,0.9533,1.0,0.9047,0.8093
0.003,296,0.9221,1.0,0.9078,0.8156
0.0035,285,0.8879,1.0,0.9112,0.8224
0.004,274,0.8536,1.0,0.9146,0.8293
0.0045,262,0.8162,1.0,0.9184,0.8368
0.005,256,0.7975,1.0,0.9202,0.8405
0.0055,245,0.7632,1.0,0.9237,0.8474
0.006,243,0.757,1.0,0.9243,0.8486
0.0065,234,0.729,1.0,0.9271,0.8542
0.007,222,0.6916,1.0,0.9308,0.8617
0.0075,219,0.6822,1.0,0.9318,0.8636
0.008,212,0.6604,1.0,0.934,0.8679
0.0085,212,0.6604,1.0,0.934,0.8679
0.009,209,0.6511,1.0,0.9349,0.8698
0.0095,202,0.6293,1.0,0.9371,0.8741
0.01,201,0.6262,1.0,0.9374,0.8748
0.0105,198,0.6168,1.0,0.9383,0.8766
0.011,197,0.6137,1.0,0.9386,0.8773
0.0115,191,0.595,1.0,0.9405,0.881
0.012,190,0.5919,1.0,0.9408,0.8816
0.0125,188,0.5857,1.0,0.9414,0.8829
0.013,186,0.5794,1.0,0.9421,0.8841
0.0135,186,0.5794,1.0,0.9421,0.8841
0.014,185,0.5763,1.0,0.9424,0.8847
0.0145,182,0.567,1.0,0.9433,0.8866
0.015,181,0.5639,1.0,0.9436,0.8872
0.0155,181,0.5639,1.0,0.9436,0.8872
0.016,180,0.5607,1.0,0.9439,0.8879
0.0165,179,0.5576,1.0,0.9442,0.8885
0.017,178,0.5545,1.0,0.9445,0.8891
0.0175,178,0.5545,1.0,0.9445,0.8891
0.018,176,0.5483,1.0,0.9452,0.8903
0.0185,174,0.5421,1.0,0.9458,0.8916
0.019,173,0.5389,1.0,0.9461,0.8922
0.0195,172,0.5358,1.0,0.9464,0.8928
0.02,172,0.5358,1.0,0.9464,0.8928
0.0205,172,0.5358,1.0,0.9464,0.8928
0.021,170,0.5296,0.9969,0.9439,0.891
0.0215,169,0.5265,0.9969,0.9442,0.8916
0.022,167,0.5202,0.9969,0.9449,0.8928
0.0225,167,0.5202,0.9969,0.9449,0.8928
0.023,167,0.5202,0.9969,0.9449,0.8928
0.0235,167,0.5202,0.9969,0.9449,0.8928
0.024,165,0.514,0.9938,0.9424,0.891
0.0245,165,0.514,0.9938,0.9424,0.891
0.025,163,0.5078,0.9938,0.943,0.8922
0.0255,163,0.5078,0.9938,0.943,0.8922
0.026,162,0.5047,0.9938,0.9433,0.8928
0.0265,160,0.4984,0.9938,0.9439,0.8941
0.027,157,0.4891,0.9938,0.9449,0.896
0.0275,157,0.4891,0.9938,0.9449,0.896
0.028,155,0.4829,0.9938,0.9455,0.8972
0.0285,155,0.4829,0.9938,0.9455,0.8972
0.029,154,0.4798,0.9938,0.9458,0.8978
0.0295,153,0.4766,0.9938,0.9461,0.8984
0.03,153,0.4766,0.9938,0.9461,0.8984
0.0305,149,0.4642,0.9938,0.9474,0.9009
0.031,147,0.4579,0.9938,0.948,0.9022
0.0315,147,0.4579,0.9938,0.948,0.9022
0.032,147,0.4579,0.9938,0.948,0.9022
0.0325,144,0.4486,0.9907,0.9458,0.9009
0.033,142,0.4424,0.9907,0.9464,0.9022
0.0335,141,0.4393,0.9907,0.9467,0.9028
0.034,140,0.4361,0.9907,0.947,0.9034
0.0345,135,0.4206,0.9875,0.9455,0.9034
0.035,135,0.4206,0.9875,0.9455,0.9034
0.0355,132,0.4112,0.9875,0.9464,0.9053
0.036,132,0.4112,0.9875,0.9464,0.9053
0.0365,131,0.4081,0.9875,0.9467,0.9059
0.037,129,0.4019,0.9875,0.9474,0.9072
0.0375,129,0.4019,0.9875,0.9474,0.9072
0.038,128,0.3988,0.9875,0.9477,0.9078
0.0385,127,0.3956,0.9875,0.948,0.9084
0.039,127,0.3956,0.9875,0.948,0.9084
0.0395,125,0.3894,0.9875,0.9486,0.9097
0.04,125,0.3894,0.9875,0.9486,0.9097
0.0405,124,0.3863,0.9875,0.9489,0.9103
0.041,124,0.3863,0.9875,0.9489,0.9103
0.0415,124,0.3863,0.9875,0.9489,0.9103
0.042,123,0.3832,0.9875,0.9492,0.9109
0.0425,122,0.3801,0.9875,0.9495,0.9115
0.043,121,0.3769,0.9875,0.9498,0.9121
0.0435,121,0.3769,0.9875,0.9498,0.9121
0.044,120,0.3738,0.9875,0.9502,0.9128
0.0445,120,0.3738,0.9875,0.9502,0.9128
0.045,120,0.3738,0.9875,0.9502,0.9128
0.0455,120,0.3738,0.9875,0.9502,0.9128
0.046,119,0.3707,0.9875,0.9505,0.9134
0.0465,119,0.3707,0.9875,0.9505,0.9134
0.047,119,0.3707,0.9875,0.9505,0.9134
0.0475,117,0.3645,0.9875,0.9511,0.9146
0.048,117,0.3645,0.9875,0.9511,0.9146
0.0485,117,0.3645,0.9875,0.9511,0.9146
0.049,117,0.3645,0.9875,0.9511,0.9146
0.0495,116,0.3614,0.9875,0.9514,0.9153
0.05,114,0.3551,0.9875,0.952,0.9165
0.0505,114,0.3551,0.9875,0.952,0.9165
0.051,113,0.352,0.9875,0.9523,0.9171
0.0515,113,0.352,0.9875,0.9523,0.9171
0.052,113,0.352,0.9875,0.9523,0.9171
0.0525,113,0.352,0.9875,0.9523,0.9171
0.053,113,0.352,0.9875,0.9523,0.9171
0.0535,113,0.352,0.9875,0.9523,0.9171
0.054,111,0.3458,0.9875,0.953,0.9184
0.0545,109,0.3396,0.9875,0.9536,0.9196
0.055,109,0.3396,0.9875,0.9536,0.9196
0.0555,109,0.3396,0.9875,0.9536,0.9196
0.056,108,0.3364,0.9875,0.9539,0.9202
0.0565,108,0.3364,0.9875,0.9539,0.9202
0.057,108,0.3364,0.9875,0.9539,0.9202
0.0575,105,0.3271,0.9844,0.9517,0.919
0.058,105,0.3271,0.9844,0.9517,0.919
0.0585,105,0.3271,0.9844,0.9517,0.919
0.059,105,0.3271,0.9844,0.9517,0.919
0.0595,105,0.3271,0.9844,0.9517,0.919
0.06,104,0.324,0.9844,0.952,0.9196
0.0605,102,0.3178,0.9844,0.9526,0.9209
0.061,102,0.3178,0.9844,0.9526,0.9209
0.0615,102,0.3178,0.9844,0.9526,0.9209
0.062,102,0.3178,0.9844,0.9526,0.9209
0.0625,102,0.3178,0.9844,0.9526,0.9209
0.063,101,0.3146,0.9844,0.953,0.9215
0.0635,100,0.3115,0.9844,0.9533,0.9221
0.064,100,0.3115,0.9844,0.9533,0.9221
0.0645,100,0.3115,0.9844,0.9533,0.9221
0.065,100,0.3115,0.9844,0.9533,0.9221
0.0655,100,0.3115,0.9844,0.9533,0.9221
0.066,100,0.3115,0.9844,0.9533,0.9221
0.0665,100,0.3115,0.9844,0.9533,0.9221
0.067,99,0.3084,0.9844,0.9536,0.9227
0.0675,99,0.3084,0.9844,0.9536,0.9227
0.068,98,0.3053,0.9844,0.9539,0.9234
0.0685,98,0.3053,0.9844,0.9539,0.9234
0.069,98,0.3053,0.9844,0.9539,0.9234
0.0695,98,0.3053,0.9844,0.9539,0.9234
0.07,98,0.3053,0.9844,0.9539,0.9234
0.0705,98,0.3053,0.9844,0.9539,0.9234
0.071,98,0.3053,0.9844,0.9539,0.9234
0.0715,98,0.3053,0.9844,0.9539,0.9234
0.072,98,0.3053,0.9844,0.9539,0.9234
0.0725,98,0.3053,0.9844,0.9539,0.9234
0.073,98,0.3053,0.9844,0.9539,0.9234
0.0735,97,0.3022,0.9844,0.9542,0.924
0.074,96,0.2991,0.9844,0.9545,0.9246
0.0745,95,0.296,0.9844,0.9548,0.9252
0.075,94,0.2928,0.9844,0.9551,0.9259
0.0755,94,0.2928,0.9844,0.9551,0.9259
0.076,91,0.2835,0.9844,0.9561,0.9277
0.0765,91,0.2835,0.9844,0.9561,0.9277
0.077,91,0.2835,0.9844,0.9561,0.9277
0.0775,90,0.2804,0.9844,0.9564,0.9283
0.078,89,0.2773,0.9844,0.9567,0.929
0.0785,89,0.2773,0.9844,0.9567,0.929
0.079,86,0.2679,0.9844,0.9576,0.9308
0.0795,86,0.2679,0.9844,0.9576,0.9308
0.08,86,0.2679,0.9844,0.9576,0.9308
0.0805,86,0.2679,0.9844,0.9576,0.9308
0.081,86,0.2679,0.9844,0.9576,0.9308
0.0815,86,0.2679,0.9844,0.9576,0.9308
0.082,86,0.2679,0.9844,0.9576,0.9308
0.0825,86,0.2679,0.9844,0.9576,0.9308
0.083,86,0.2679,0.9844,0.9576,0.9308
0.0835,86,0.2679,0.9844,0.9576,0.9308
0.084,85,0.2648,0.9813,0.9548,0.9283
0.0845,85,0.2648,0.9813,0.9548,0.9283
0.085,85,0.2648,0.9813,0.9548,0.9283
0.0855,84,0.2617,0.9813,0.9551,0.929
0.086,84,0.2617,0.9813,0.9551,0.929
0.0865,83,0.2586,0.9782,0.9523,0.9265
0.087,83,0.2586,0.9782,0.9523,0.9265
0.0875,83,0.2586,0.9782,0.9523,0.9265
0.088,83,0.2586,0.9782,0.9523,0.9265
0.0885,83,0.2586,0.9782,0.9523,0.9265
0.089,83,0.2586,0.9782,0.9523,0.9265
0.0895,83,0.2586,0.9782,0.9523,0.9265
0.09,82,0.2555,0.9782,0.9526,0.9271
0.0905,82,0.2555,0.9782,0.9526,0.9271
0.091,82,0.2555,0.9782,0.9526,0.9271
0.0915,82,0.2555,0.9782,0.9526,0.9271
0.092,82,0.2555,0.9782,0.9526,0.9271
0.0925,81,0.2523,0.9782,0.953,0.9277
0.093,81,0.2523,0.9782,0.953,0.9277
0.0935,81,0.2523,0.9782,0.953,0.9277
0.094,81,0.2523,0.9782,0.953,0.9277
0.0945,81,0.2523,0.9782,0.953,0.9277
0.095,81,0.2523,0.9782,0.953,0.9277
0.0955,81,0.2523,0.9782,0.953,0.9277
0.096,81,0.2523,0.9782,0.953,0.9277
0.0965,81,0.2523,0.9782,0.953,0.9277
0.097,81,0.2523,0.9782,0.953,0.9277
0.0975,81,0.2523,0.9782,0.953,0.9277
0.098,80,0.2492,0.9751,0.9502,0.9252
0.0985,79,0.2461,0.9751,0.9505,0.9259
0.099,78,0.243,0.9751,0.9508,0.9265
0.0995,78,0.243,0.9751,0.9508,0.9265
0.1,78,0.243,0.9751,0.9508,0.9265
0.1005,77,0.2399,0.9751,0.9511,0.9271
0.101,77,0.2399,0.9751,0.9511,0.9271
0.1015,76,0.2368,0.9751,0.9514,0.9277
0.102,76,0.2368,0.9751,0.9514,0.9277
0.1025,74,0.2305,0.9688,0.9458,0.9227
0.103,74,0.2305,0.9688,0.9458,0.9227
0.1035,74,0.2305,0.9688,0.9458,0.9227
0.104,74,0.2305,0.9688,0.9458,0.9227
0.1045,73,0.2274,0.9688,0.9461,0.9234
0.105,73,0.2274,0.9688,0.9461,0.9234
0.1055,72,0.2243,0.9688,0.9464,0.924
0.106,71,0.2212,0.9688,0.9467,0.9246
0.1065,71,0.2212,0.9688,0.9467,0.9246
0.107,71,0.2212,0.9688,0.9467,0.9246
0.1075,71,0.2212,0.9688,0.9467,0.9246
0.108,71,0.2212,0.9688,0.9467,0.9246
0.1085,70,0.2181,0.9688,0.947,0.9252
0.109,69,0.215,0.9688,0.9474,0.9259
0.1095,68,0.2118,0.9688,0.9477,0.9265
0.11,68,0.2118,0.9688,0.9477,0.9265
0.1105,68,0.2118,0.9688,0.9477,0.9265
0.111,68,0.2118,0.9688,0.9477,0.9265
0.1115,68,0.2118,0.9688,0.9477,0.9265
0.112,67,0.2087,0.9657,0.9449,0.924
0.1125,67,0.2087,0.9657,0.9449,0.924
0.113,67,0.2087,0.9657,0.9449,0.924
0.1135,67,0.2087,0.9657,0.9449,0.924
0.114,66,0.2056,0.9626,0.9421,0.9215
0.1145,66,0.2056,0.9626,0.9421,0.9215
0.115,66,0.2056,0.9626,0.9421,0.9215
0.1155,66,0.2056,0.9626,0.9421,0.9215
0.116,66,0.2056,0.9626,0.9421,0.9215
0.1165,66,0.2056,0.9626,0.9421,0.9215
0.117,66,0.2056,0.9626,0.9421,0.9215
0.1175,65,0.2025,0.9626,0.9424,0.9221
0.118,65,0.2025,0.9626,0.9424,0.9221
0.1185,65,0.2025,0.9626,0.9424,0.9221
0.119,64,0.1994,0.9626,0.9427,0.9227
0.1195,64,0.1994,0.9626,0.9427,0.9227
0.12,63,0.1963,0.9626,0.943,0.9234
0.1205,61,0.19,0.9626,0.9436,0.9246
0.121,60,0.1869,0.9595,0.9408,0.9221
0.1215,60,0.1869,0.9595,0.9408,0.9221
0.122,60,0.1869,0.9595,0.9408,0.9221
0.1225,60,0.1869,0.9595,0.9408,0.9221
0.123,60,0.1869,0.9595,0.9408,0.9221
0.1235,60,0.1869,0.9595,0.9408,0.9221
0.124,60,0.1869,0.9595,0.9408,0.9221
0.1245,60,0.1869,0.9595,0.9408,0.9221
0.125,60,0.1869,0.9595,0.9408,0.9221
0.1255,60,0.1869,0.9595,0.9408,0.9221
0.126,60,0.1869,0.9595,0.9408,0.9221
0.1265,60,0.1869,0.9595,0.9408,0.9221
0.127,60,0.1869,0.9595,0.9408,0.9221
0.1275,60,0.1869,0.9595,0.9408,0.9221
0.128,60,0.1869,0.9595,0.9408,0.9221
0.1285,60,0.1869,0.9595,0.9408,0.9221
0.129,60,0.1869,0.9595,0.9408,0.9221
0.1295,60,0.1869,0.9595,0.9408,0.9221
0.13,60,0.1869,0.9595,0.9408,0.9221
0.1305,60,0.1869,0.9595,0.9408,0.9221
0.131,59,0.1838,0.9595,0.9411,0.9227
0.1315,58,0.1807,0.9595,0.9414,0.9234
0.132,58,0.1807,0.9595,0.9414,0.9234
0.1325,58,0.1807,0.9595,0.9414,0.9234
0.133,58,0.1807,0.9595,0.9414,0.9234
0.1335,57,0.1776,0.9595,0.9417,0.924
0.134,56,0.1745,0.9595,0.9421,0.9246
0.1345,56,0.1745,0.9595,0.9421,0.9246
0.135,56,0.1745,0.9595,0.9421,0.9246
0.1355,56,0.1745,0.9595,0.9421,0.9246
0.136,56,0.1745,0.9595,0.9421,0.9246
0.1365,54,0.1682,0.9564,0.9396,0.9227
0.137,54,0.1682,0.9564,0.9396,0.9227
0.1375,54,0.1682,0.9564,0.9396,0.9227
0.138,54,0.1682,0.9564,0.9396,0.9227
0.1385,54,0.1682,0.9564,0.9396,0.9227
0.139,54,0.1682,0.9564,0.9396,0.9227
0.1395,54,0.1682,0.9564,0.9396,0.9227
0.14,54,0.1682,0.9564,0.9396,0.9227
0.1405,53,0.1651,0.9564,0.9399,0.9234
0.141,53,0.1651,0.9564,0.9399,0.9234
0.1415,53,0.1651,0.9564,0.9399,0.9234
0.142,53,0.1651,0.9564,0.9399,0.9234
0.1425,53,0.1651,0.9564,0.9399,0.9234
0.143,53,0.1651,0.9564,0.9399,0.9234
0.1435,53,0.1651,0.9564,0.9399,0.9234
0.144,53,0.1651,0.9564,0.9399,0.9234
0.1445,53,0.1651,0.9564,0.9399,0.9234
0.145,53,0.1651,0.9564,0.9399,0.9234
0.1455,53,0.1651,0.9564,0.9399,0.9234
0.146,53,0.1651,0.9564,0.9399,0.9234
0.1465,53,0.1651,0.9564,0.9399,0.9234
0.147,53,0.1651,0.9564,0.9399,0.9234
0.1475,53,0.1651,0.9564,0.9399,0.9234
0.148,53,0.1651,0.9564,0.9399,0.9234
0.1485,53,0.1651,0.9564,0.9399,0.9234
0.149,53,0.1651,0.9564,0.9399,0.9234
0.1495,53,0.1651,0.9564,0.9399,0.9234
0.15,53,0.1651,0.9564,0.9399,0.9234
0.1505,53,0.1651,0.9564,0.9399,0.9234
0.151,53,0.1651,0.9564,0.9399,0.9234
0.1515,53,0.1651,0.9564,0.9399,0.9234
0.152,53,0.1651,0.9564,0.9399,0.9234
0.1525,53,0.1651,0.9564,0.9399,0.9234
0.153,52,0.162,0.9533,0.9371,0.9209
0.1535,50,0.1558,0.947,0.9315,0.9159
0.154,50,0.1558,0.947,0.9315,0.9159
0.1545,50,0.1558,0.947,0.9315,0.9159
0.155,50,0.1558,0.947,0.9315,0.9159
0.1555,50,0.1558,0.947,0.9315,0.9159
0.156,50,0.1558,0.947,0.9315,0.9159
0.1565,49,0.1526,0.947,0.9318,0.9165
0.157,49,0.1526,0.947,0.9318,0.9165
0.1575,49,0.1526,0.947,0.9318,0.9165
0.158,49,0.1526,0.947,0.9318,0.9165
0.1585,49,0.1526,0.947,0.9318,0.9165
0.159,49,0.1526,0.947,0.9318,0.9165
0.1595,49,0.1526,0.947,0.9318,0.9165
0.16,49,0.1526,0.947,0.9318,0.9165
0.1605,49,0.1526,0.947,0.9318,0.9165
0.161,49,0.1526,0.947,0.9318,0.9165
0.1615,49,0.1526,0.947,0.9318,0.9165
0.162,49,0.1526,0.947,0.9318,0.9165
0.1625,49,0.1526,0.947,0.9318,0.9165
0.163,49,0.1526,0.947,0.9318,0.9165
0.1635,49,0.1526,0.947,0.9318,0.9165
0.164,49,0.1526,0.947,0.9318,0.9165
0.1645,49,0.1526,0.947,0.9318,0.9165
0.165,49,0.1526,0.947,0.9318,0.9165
0.1655,49,0.1526,0.947,0.9318,0.9165
0.166,49,0.1526,0.947,0.9318,0.9165
0.1665,47,0.1464,0.947,0.9324,0.9178
0.167,47,0.1464,0.947,0.9324,0.9178
0.1675,47,0.1464,0.947,0.9324,0.9178
0.168,47,0.1464,0.947,0.9324,0.9178
0.1685,47,0.1464,0.947,0.9324,0.9178
0.169,46,0.1433,0.947,0.9327,0.9184
0.1695,46,0.1433,0.947,0.9327,0.9184
0.17,45,0.1402,0.9439,0.9299,0.9159
0.1705,45,0.1402,0.9439,0.9299,0.9159
0.171,45,0.1402,0.9439,0.9299,0.9159
0.1715,45,0.1402,0.9439,0.9299,0.9159
0.172,45,0.1402,0.9439,0.9299,0.9159
0.1725,45,0.1402,0.9439,0.9299,0.9159
0.173,45,0.1402,0.9439,0.9299,0.9159
0.1735,45,0.1402,0.9439,0.9299,0.9159
0.174,45,0.1402,0.9439,0.9299,0.9159
0.1745,45,0.1402,0.9439,0.9299,0.9159
0.175,45,0.1402,0.9439,0.9299,0.9159
0.1755,45,0.1402,0.9439,0.9299,0.9159
0.176,45,0.1402,0.9439,0.9299,0.9159
0.1765,45,0.1402,0.9439,0.9299,0.9159
0.177,45,0.1402,0.9439,0.9299,0.9159
0.1775,45,0.1402,0.9439,0.9299,0.9159
0.178,45,0.1402,0.9439,0.9299,0.9159
0.1785,45,0.1402,0.9439,0.9299,0.9159
0.179,45,0.1402,0.9439,0.9299,0.9159
0.1795,45,0.1402,0.9439,0.9299,0.9159
0.18,45,0.1402,0.9439,0.9299,0.9159
0.1805,45,0.1402,0.9439,0.9299,0.9159
0.181,45,0.1402,0.9439,0.9299,0.9159
0.1815,45,0.1402,0.9439,0.9299,0.9159
0.182,45,0.1402,0.9439,0.9299,0.9159
0.1825,45,0.1402,0.9439,0.9299,0.9159
0.183,45,0.1402,0.9439,0.9299,0.9159
0.1835,45,0.1402,0.9439,0.9299,0.9159
0.184,45,0.1402,0.9439,0.9299,0.9159
0.1845,45,0.1402,0.9439,0.9299,0.9159
0.185,45,0.1402,0.9439,0.9299,0.9159
0.1855,45,0.1402,0.9439,0.9299,0.9159
0.186,45,0.1402,0.9439,0.9299,0.9159
0.1865,44,0.1371,0.9439,0.9302,0.9165
0.187,44,0.1371,0.9439,0.9302,0.9165
0.1875,44,0.1371,0.9439,0.9302,0.9165
0.188,44,0.1371,0.9439,0.9302,0.9165
0.1885,44,0.1371,0.9439,0.9302,0.9165
0.189,44,0.1371,0.9439,0.9302,0.9165
0.1895,44,0.1371,0.9439,0.9302,0.9165
0.19,44,0.1371,0.9439,0.9302,0.9165
0.1905,44,0.1371,0.9439,0.9302,0.9165
0.191,44,0.1371,0.9439,0.9302,0.9165
0.1915,44,0.1371,0.9439,0.9302,0.9165
0.192,44,0.1371,0.9439,0.9302,0.9165
0.1925,44,0.1371,0.9439,0.9302,0.9165
0.193,44,0.1371,0.9439,0.9302,0.9165
0.1935,44,0.1371,0.9439,0.9302,0.9165
0.194,44,0.1371,0.9439,0.9302,0.9165
0.1945,44,0.1371,0.9439,0.9302,0.9165
0.195,44,0.1371,0.9439,0.9302,0.9165
0.1955,44,0.1371,0.9439,0.9302,0.9165
0.196,44,0.1371,0.9439,0.9302,0.9165
0.1965,44,0.1371,0.9439,0.9302,0.9165
0.197,44,0.1371,0.9439,0.9302,0.9165
0.1975,44,0.1371,0.9439,0.9302,0.9165
0.198,44,0.1371,0.9439,0.9302,0.9165
0.1985,44,0.1371,0.9439,0.9302,0.9165
0.199,44,0.1371,0.9439,0.9302,0.9165
0.1995,44,0.1371,0.9439,0.9302,0.9165
0.2,44,0.1371,0.9439,0.9302,0.9165
0.2005,44,0.1371,0.9439,0.9302,0.9165
0.201,44,0.1371,0.9439,0.9302,0.9165
0.2015,44,0.1371,0.9439,0.9302,0.9165
0.202,44,0.1371,0.9439,0.9302,0.9165
0.2025,44,0.1371,0.9439,0.9302,0.9165
0.203,43,0.134,0.9439,0.9305,0.9171
0.2035,43,0.134,0.9439,0.9305,0.9171
0.204,43,0.134,0.9439,0.9305,0.9171
0.2045,43,0.134,0.9439,0.9305,0.9171
0.205,43,0.134,0.9439,0.9305,0.9171
0.2055,43,0.134,0.9439,0.9305,0.9171
0.206,43,0.134,0.9439,0.9305,0.9171
0.2065,43,0.134,0.9439,0.9305,0.9171
0.207,43,0.134,0.9439,0.9305,0.9171
0.2075,43,0.134,0.9439,0.9305,0.9171
0.208,43,0.134,0.9439,0.9305,0.9171
0.2085,42,0.1308,0.9408,0.9277,0.9146
0.209,42,0.1308,0.9408,0.9277,0.9146
0.2095,41,0.1277,0.9377,0.9249,0.9121
0.21,40,0.1246,0.9346,0.9221,0.9097
0.2105,40,0.1246,0.9346,0.9221,0.9097
0.211,40,0.1246,0.9346,0.9221,0.9097
0.2115,40,0.1246,0.9346,0.9221,0.9097
0.212,40,0.1246,0.9346,0.9221,0.9097
0.2125,40,0.1246,0.9346,0.9221,0.9097
0.213,40,0.1246,0.9346,0.9221,0.9097
0.2135,39,0.1215,0.9346,0.9224,0.9103
0.214,39,0.1215,0.9346,0.9224,0.9103
0.2145,39,0.1215,0.9346,0.9224,0.9103
0.215,38,0.1184,0.9346,0.9227,0.9109
0.2155,38,0.1184,0.9346,0.9227,0.9109
0.216,38,0.1184,0.9346,0.9227,0.9109
0.2165,38,0.1184,0.9346,0.9227,0.9109
0.217,38,0.1184,0.9346,0.9227,0.9109
0.2175,38,0.1184,0.9346,0.9227,0.9109
0.218,38,0.1184,0.9346,0.9227,0.9109
0.2185,37,0.1153,0.9346,0.9231,0.9115
0.219,37,0.1153,0.9346,0.9231,0.9115
0.2195,37,0.1153,0.9346,0.9231,0.9115
0.22,37,0.1153,0.9346,0.9231,0.9115
0.2205,37,0.1153,0.9346,0.9231,0.9115
0.221,37,0.1153,0.9346,0.9231,0.9115
0.2215,37,0.1153,0.9346,0.9231,0.9115
0.222,37,0.1153,0.9346,0.9231,0.9115
0.2225,37,0.1153,0.9346,0.9231,0.9115
0.223,37,0.1153,0.9346,0.9231,0.9115
0.2235,37,0.1153,0.9346,0.9231,0.9115
0.224,37,0.1153,0.9346,0.9231,0.9115
0.2245,37,0.1153,0.9346,0.9231,0.9115
0.225,37,0.1153,0.9346,0.9231,0.9115
0.2255,37,0.1153,0.9346,0.9231,0.9115
0.226,36,0.1121,0.9346,0.9234,0.9121
0.2265,36,0.1121,0.9346,0.9234,0.9121
0.227,36,0.1121,0.9346,0.9234,0.9121
0.2275,36,0.1121,0.9346,0.9234,0.9121
0.228,36,0.1121,0.9346,0.9234,0.9121
0.2285,36,0.1121,0.9346,0.9234,0.9121
0.229,36,0.1121,0.9346,0.9234,0.9121
0.2295,35,0.109,0.9346,0.9237,0.9128
0.23,35,0.109,0.9346,0.9237,0.9128
0.2305,35,0.109,0.9346,0.9237,0.9128
0.231,35,0.109,0.9346,0.9237,0.9128
0.2315,35,0.109,0.9346,0.9237,0.9128
0.232,35,0.109,0.9346,0.9237,0.9128
0.2325,35,0.109,0.9346,0.9237,0.9128
0.233,35,0.109,0.9346,0.9237,0.9128
0.2335,35,0.109,0.9346,0.9237,0.9128
0.234,35,0.109,0.9346,0.9237,0.9128
0.2345,35,0.109,0.9346,0.9237,0.9128
0.235,35,0.109,0.9346,0.9237,0.9128
0.2355,35,0.109,0.9346,0.9237,0.9128
0.236,35,0.109,0.9346,0.9237,0.9128
0.2365,35,0.109,0.9346,0.9237,0.9128
0.237,35,0.109,0.9346,0.9237,0.9128
0.2375,35,0.109,0.9346,0.9237,0.9128
0.238,35,0.109,0.9346,0.9237,0.9128
0.2385,34,0.1059,0.9346,0.924,0.9134
0.239,34,0.1059,0.9346,0.924,0.9134
0.2395,34,0.1059,0.9346,0.924,0.9134
0.24,34,0.1059,0.9346,0.924,0.9134
0.2405,34,0.1059,0.9346,0.924,0.9134
0.241,34,0.1059,0.9346,0.924,0.9134
0.2415,34,0.1059,0.9346,0.924,0.9134
0.242,34,0.1059,0.9346,0.924,0.9134
0.2425,34,0.1059,0.9346,0.924,0.9134
0.243,34,0.1059,0.9346,0.924,0.9134
0.2435,34,0.1059,0.9346,0.924,0.9134
0.244,34,0.1059,0.9346,0.924,0.9134
0.2445,34,0.1059,0.9346,0.924,0.9134
0.245,34,0.1059,0.9346,0.924,0.9134
0.2455,34,0.1059,0.9346,0.924,0.9134
0.246,34,0.1059,0.9346,0.924,0.9134
0.2465,34,0.1059,0.9346,0.924,0.9134
0.247,34,0.1059,0.9346,0.924,0.9134
0.2475,34,0.1059,0.9346,0.924,0.9134
0.248,34,0.1059,0.9346,0.924,0.9134
0.2485,34,0.1059,0.9346,0.924,0.9134
0.249,33,0.1028,0.9346,0.9243,0.914
0.2495,33,0.1028,0.9346,0.9243,0.914
0.25,33,0.1028,0.9346,0.9243,0.914
0.2505,33,0.1028,0.9346,0.9243,0.914
0.251,32,0.0997,0.9346,0.9246,0.9146
0.2515,32,0.0997,0.9346,0.9246,0.9146
0.252,31,0.0966,0.9346,0.9249,0.9153
0.2525,31,0.0966,0.9346,0.9249,0.9153
0.253,31,0.0966,0.9346,0.9249,0.9153
0.2535,31,0.0966,0.9346,0.9249,0.9153
0.254,31,0.0966,0.9346,0.9249,0.9153
0.2545,31,0.0966,0.9346,0.9249,0.9153
0.255,31,0.0966,0.9346,0.9249,0.9153
0.2555,31,0.0966,0.9346,0.9249,0.9153
0.256,31,0.0966,0.9346,0.9249,0.9153
0.2565,31,0.0966,0.9346,0.9249,0.9153
0.257,31,0.0966,0.9346,0.9249,0.9153
0.2575,31,0.0966,0.9346,0.9249,0.9153
0.258,31,0.0966,0.9346,0.9249,0.9153
0.2585,31,0.0966,0.9346,0.9249,0.9153
0.259,31,0.0966,0.9346,0.9249,0.9153
0.2595,31,0.0966,0.9346,0.9249,0.9153
0.26,31,0.0966,0.9346,0.9249,0.9153
0.2605,30,0.0935,0.9315,0.9221,0.9128
0.261,30,0.0935,0.9315,0.9221,0.9128
0.2615,30,0.0935,0.9315,0.9221,0.9128
0.262,30,0.0935,0.9315,0.9221,0.9128
0.2625,30,0.0935,0.9315,0.9221,0.9128
0.263,30,0.0935,0.9315,0.9221,0.9128
0.2635,30,0.0935,0.9315,0.9221,0.9128
0.264,30,0.0935,0.9315,0.9221,0.9128
0.2645,30,0.0935,0.9315,0.9221,0.9128
0.265,30,0.0935,0.9315,0.9221,0.9128
0.2655,30,0.0935,0.9315,0.9221,0.9128
0.266,30,0.0935,0.9315,0.9221,0.9128
0.2665,30,0.0935,0.9315,0.9221,0.9128
0.267,30,0.0935,0.9315,0.9221,0.9128
0.2675,30,0.0935,0.9315,0.9221,0.9128
0.268,30,0.0935,0.9315,0.9221,0.9128
0.2685,30,0.0935,0.9315,0.9221,0.9128
0.269,30,0.0935,0.9315,0.9221,0.9128
0.2695,30,0.0935,0.9315,0.9221,0.9128
0.27,30,0.0935,0.9315,0.9221,0.9128
0.2705,30,0.0935,0.9315,0.9221,0.9128
0.271,30,0.0935,0.9315,0.9221,0.9128
0.2715,30,0.0935,0.9315,0.9221,0.9128
0.272,30,0.0935,0.9315,0.9221,0.9128
0.2725,30,0.0935,0.9315,0.9221,0.9128
0.273,30,0.0935,0.9315,0.9221,0.9128
0.2735,30,0.0935,0.9315,0.9221,0.9128
0.274,30,0.0935,0.9315,0.9221,0.9128
0.2745,30,0.0935,0.9315,0.9221,0.9128
0.275,30,0.0935,0.9315,0.9221,0.9128
0.2755,30,0.0935,0.9315,0.9221,0.9128
0.276,30,0.0935,0.9315,0.9221,0.9128
0.2765,30,0.0935,0.9315,0.9221,0.9128
0.277,30,0.0935,0.9315,0.9221,0.9128
0.2775,30,0.0935,0.9315,0.9221,0.9128
0.278,30,0.0935,0.9315,0.9221,0.9128
0.2785,30,0.0935,0.9315,0.9221,0.9128
0.279,30,0.0935,0.9315,0.9221,0.9128
0.2795,30,0.0935,0.9315,0.9221,0.9128
0.28,30,0.0935,0.9315,0.9221,0.9128
0.2805,30,0.0935,0.9315,0.9221,0.9128
0.281,30,0.0935,0.9315,0.9221,0.9128
0.2815,30,0.0935,0.9315,0.9221,0.9128
0.282,30,0.0935,0.9315,0.9221,0.9128
0.2825,30,0.0935,0.9315,0.9221,0.9128
0.283,30,0.0935,0.9315,0.9221,0.9128
0.2835,30,0.0935,0.9315,0.9221,0.9128
0.284,30,0.0935,0.9315,0.9221,0.9128
0.2845,30,0.0935,0.9315,0.9221,0.9128
0.285,30,0.0935,0.9315,0.9221,0.9128
0.2855,29,0.0903,0.9315,0.9224,0.9134
0.286,29,0.0903,0.9315,0.9224,0.9134
0.2865,29,0.0903,0.9315,0.9224,0.9134
0.287,29,0.0903,0.9315,0.9224,0.9134
0.2875,29,0.0903,0.9315,0.9224,0.9134
0.288,29,0.0903,0.9315,0.9224,0.9134
0.2885,29,0.0903,0.9315,0.9224,0.9134
0.289,29,0.0903,0.9315,0.9224,0.9134
0.2895,29,0.0903,0.9315,0.9224,0.9134
0.29,29,0.0903,0.9315,0.9224,0.9134
0.2905,29,0.0903,0.9315,0.9224,0.9134
0.291,29,0.0903,0.9315,0.9224,0.9134
0.2915,29,0.0903,0.9315,0.9224,0.9134
0.292,29,0.0903,0.9315,0.9224,0.9134
0.2925,28,0.0872,0.9315,0.9227,0.914
0.293,28,0.0872,0.9315,0.9227,0.914
0.2935,28,0.0872,0.9315,0.9227,0.914
0.294,28,0.0872,0.9315,0.9227,0.914
0.2945,28,0.0872,0.9315,0.9227,0.914
0.295,28,0.0872,0.9315,0.9227,0.914
0.2955,28,0.0872,0.9315,0.9227,0.914
0.296,28,0.0872,0.9315,0.9227,0.914
0.2965,28,0.0872,0.9315,0.9227,0.914
0.297,28,0.0872,0.9315,0.9227,0.914
0.2975,28,0.0872,0.9315,0.9227,0.914
0.298,28,0.0872,0.9315,0.9227,0.914
0.2985,28,0.0872,0.9315,0.9227,0.914
0.299,28,0.0872,0.9315,0.9227,0.914
0.2995,28,0.0872,0.9315,0.9227,0.914
0.3,28,0.0872,0.9315,0.9227,0.914
0.3005,27,0.0841,0.9315,0.9231,0.9146
0.301,27,0.0841,0.9315,0.9231,0.9146
0.3015,27,0.0841,0.9315,0.9231,0.9146
0.302,27,0.0841,0.9315,0.9231,0.9146
0.3025,27,0.0841,0.9315,0.9231,0.9146
0.303,27,0.0841,0.9315,0.9231,0.9146
0.3035,27,0.0841,0.9315,0.9231,0.9146
0.304,27,0.0841,0.9315,0.9231,0.9146
0.3045,26,0.081,0.9315,0.9234,0.9153
0.305,26,0.081,0.9315,0.9234,0.9153
0.3055,26,0.081,0.9315,0.9234,0.9153
0.306,26,0.081,0.9315,0.9234,0.9153
0.3065,26,0.081,0.9315,0.9234,0.9153
0.307,26,0.081,0.9315,0.9234,0.9153
0.3075,26,0.081,0.9315,0.9234,0.9153
0.308,26,0.081,0.9315,0.9234,0.9153
0.3085,26,0.081,0.9315,0.9234,0.9153
0.309,26,0.081,0.9315,0.9234,0.9153
0.3095,26,0.081,0.9315,0.9234,0.9153
0.31,26,0.081,0.9315,0.9234,0.9153
0.3105,26,0.081,0.9315,0.9234,0.9153
0.311,26,0.081,0.9315,0.9234,0.9153
0.3115,26,0.081,0.9315,0.9234,0.9153
0.312,26,0.081,0.9315,0.9234,0.9153
0.3125,26,0.081,0.9315,0.9234,0.9153
0.313,26,0.081,0.9315,0.9234,0.9153
0.3135,26,0.081,0.9315,0.9234,0.9153
0.314,26,0.081,0.9315,0.9234,0.9153
0.3145,25,0.0779,0.9315,0.9237,0.9159
0.315,25,0.0779,0.9315,0.9237,0.9159
0.3155,25,0.0779,0.9315,0.9237,0.9159
0.316,25,0.0779,0.9315,0.9237,0.9159
0.3165,25,0.0779,0.9315,0.9237,0.9159
0.317,25,0.0779,0.9315,0.9237,0.9159
0.3175,25,0.0779,0.9315,0.9237,0.9159
0.318,25,0.0779,0.9315,0.9237,0.9159
0.3185,24,0.0748,0.9315,0.924,0.9165
0.319,24,0.0748,0.9315,0.924,0.9165
0.3195,24,0.0748,0.9315,0.924,0.9165
0.32,24,0.0748,0.9315,0.924,0.9165
0.3205,24,0.0748,0.9315,0.924,0.9165
0.321,24,0.0748,0.9315,0.924,0.9165
0.3215,24,0.0748,0.9315,0.924,0.9165
0.322,24,0.0748,0.9315,0.924,0.9165
0.3225,24,0.0748,0.9315,0.924,0.9165
0.323,24,0.0748,0.9315,0.924,0.9165
0.3235,24,0.0748,0.9315,0.924,0.9165
0.324,24,0.0748,0.9315,0.924,0.9165
0.3245,24,0.0748,0.9315,0.924,0.9165
0.325,24,0.0748,0.9315,0.924,0.9165
0.3255,24,0.0748,0.9315,0.924,0.9165
0.326,24,0.0748,0.9315,0.924,0.9165
0.3265,24,0.0748,0.9315,0.924,0.9165
0.327,24,0.0748,0.9315,0.924,0.9165
0.3275,24,0.0748,0.9315,0.924,0.9165
0.328,24,0.0748,0.9315,0.924,0.9165
0.3285,24,0.0748,0.9315,0.924,0.9165
0.329,24,0.0748,0.9315,0.924,0.9165
0.3295,24,0.0748,0.9315,0.924,0.9165
0.33,24,0.0748,0.9315,0.924,0.9165
0.3305,24,0.0748,0.9315,0.924,0.9165
0.331,24,0.0748,0.9315,0.924,0.9165
0.3315,24,0.0748,0.9315,0.924,0.9165
0.332,24,0.0748,0.9315,0.924,0.9165
0.3325,24,0.0748,0.9315,0.924,0.9165
0.333,24,0.0748,0.9315,0.924,0.9165
0.3335,24,0.0748,0.9315,0.924,0.9165
0.334,24,0.0748,0.9315,0.924,0.9165
0.3345,23,0.0717,0.9315,0.9243,0.9171
0.335,23,0.0717,0.9315,0.9243,0.9171
0.3355,23,0.0717,0.9315,0.9243,0.9171
0.336,23,0.0717,0.9315,0.9243,0.9171
0.3365,23,0.0717,0.9315,0.9243,0.9171
0.337,23,0.0717,0.9315,0.9243,0.9171
0.3375,23,0.0717,0.9315,0.9243,0.9171
0.338,23,0.0717,0.9315,0.9243,0.9171
0.3385,23,0.0717,0.9315,0.9243,0.9171
0.339,23,0.0717,0.9315,0.9243,0.9171
0.3395,23,0.0717,0.9315,0.9243,0.9171
0.34,23,0.0717,0.9315,0.9243,0.9171
0.3405,23,0.0717,0.9315,0.9243,0.9171
0.341,23,0.0717,0.9315,0.9243,0.9171
0.3415,23,0.0717,0.9315,0.9243,0.9171
0.342,23,0.0717,0.9315,0.9243,0.9171
0.3425,23,0.0717,0.9315,0.9243,0.9171
0.343,23,0.0717,0.9315,0.9243,0.9171
0.3435,23,0.0717,0.9315,0.9243,0.9171
0.344,23,0.0717,0.9315,0.9243,0.9171
0.3445,23,0.0717,0.9315,0.9243,0.9171
0.345,23,0.0717,0.9315,0.9243,0.9171
0.3455,23,0.0717,0.9315,0.9243,0.9171
0.346,23,0.0717,0.9315,0.9243,0.9171
0.3465,23,0.0717,0.9315,0.9243,0.9171
0.347,23,0.0717,0.9315,0.9243,0.9171
0.3475,23,0.0717,0.9315,0.9243,0.9171
0.348,23,0.0717,0.9315,0.9243,0.9171
0.3485,23,0.0717,0.9315,0.9243,0.9171
0.349,23,0.0717,0.9315,0.9243,0.9171
0.3495,23,0.0717,0.9315,0.9243,0.9171
0.35,23,0.0717,0.9315,0.9243,0.9171
0.3505,23,0.0717,0.9315,0.9243,0.9171
0.351,23,0.0717,0.9315,0.9243,0.9171
0.3515,23,0.0717,0.9315,0.9243,0.9171
0.352,23,0.0717,0.9315,0.9243,0.9171
0.3525,23,0.0717,0.9315,0.9243,0.9171
0.353,23,0.0717,0.9315,0.9243,0.9171
0.3535,23,0.0717,0.9315,0.9243,0.9171
0.354,23,0.0717,0.9315,0.9243,0.9171
0.3545,23,0.0717,0.9315,0.9243,0.9171
0.355,23,0.0717,0.9315,0.9243,0.9171
0.3555,23,0.0717,0.9315,0.9243,0.9171
0.356,23,0.0717,0.9315,0.9243,0.9171
0.3565,23,0.0717,0.9315,0.9243,0.9171
0.357,23,0.0717,0.9315,0.9243,0.9171
0.3575,23,0.0717,0.9315,0.9243,0.9171
0.358,23,0.0717,0.9315,0.9243,0.9171
0.3585,23,0.0717,0.9315,0.9243,0.9171
0.359,23,0.0717,0.9315,0.9243,0.9171
0.3595,23,0.0717,0.9315,0.9243,0.9171
0.36,23,0.0717,0.9315,0.9243,0.9171
0.3605,23,0.0717,0.9315,0.9243,0.9171
0.361,23,0.0717,0.9315,0.9243,0.9171
0.3615,23,0.0717,0.9315,0.9243,0.9171
0.362,23,0.0717,0.9315,0.9243,0.9171
0.3625,22,0.0685,0.9315,0.9246,0.9178
0.363,22,0.0685,0.9315,0.9246,0.9178
0.3635,22,0.0685,0.9315,0.9246,0.9178
0.364,22,0.0685,0.9315,0.9246,0.9178
0.3645,22,0.0685,0.9315,0.9246,0.9178
0.365,22,0.0685,0.9315,0.9246,0.9178
0.3655,22,0.0685,0.9315,0.9246,0.9178
0.366,22,0.0685,0.9315,0.9246,0.9178
0.3665,22,0.0685,0.9315,0.9246,0.9178
0.367,22,0.0685,0.9315,0.9246,0.9178
0.3675,22,0.0685,0.9315,0.9246,0.9178
0.368,22,0.0685,0.9315,0.9246,0.9178
0.3685,22,0.0685,0.9315,0.9246,0.9178
0.369,22,0.0685,0.9315,0.9246,0.9178
0.3695,22,0.0685,0.9315,0.9246,0.9178
0.37,22,0.0685,0.9315,0.9246,0.9178
0.3705,22,0.0685,0.9315,0.9246,0.9178
0.371,22,0.0685,0.9315,0.9246,0.9178
0.3715,22,0.0685,0.9315,0.9246,0.9178
0.372,22,0.0685,0.9315,0.9246,0.9178
0.3725,22,0.0685,0.9315,0.9246,0.9178
0.373,22,0.0685,0.9315,0.9246,0.9178
0.3735,22,0.0685,0.9315,0.9246,0.9178
0.374,22,0.0685,0.9315,0.9246,0.9178
0.3745,22,0.0685,0.9315,0.9246,0.9178
0.375,21,0.0654,0.9315,0.9249,0.9184
0.3755,21,0.0654,0.9315,0.9249,0.9184
0.376,21,0.0654,0.9315,0.9249,0.9184
0.3765,21,0.0654,0.9315,0.9249,0.9184
0.377,21,0.0654,0.9315,0.9249,0.9184
0.3775,21,0.0654,0.9315,0.9249,0.9184
0.378,21,0.0654,0.9315,0.9249,0.9184
0.3785,21,0.0654,0.9315,0.9249,0.9184
0.379,21,0.0654,0.9315,0.9249,0.9184
0.3795,21,0.0654,0.9315,0.9249,0.9184
0.38,21,0.0654,0.9315,0.9249,0.9184
0.3805,21,0.0654,0.9315,0.9249,0.9184
0.381,20,0.0623,0.9315,0.9252,0.919
0.3815,20,0.0623,0.9315,0.9252,0.919
0.382,20,0.0623,0.9315,0.9252,0.919
0.3825,20,0.0623,0.9315,0.9252,0.919
0.383,20,0.0623,0.9315,0.9252,0.919
0.3835,20,0.0623,0.9315,0.9252,0.919
0.384,20,0.0623,0.9315,0.9252,0.919
0.3845,20,0.0623,0.9315,0.9252,0.919
0.385,20,0.0623,0.9315,0.9252,0.919
0.3855,20,0.0623,0.9315,0.9252,0.919
0.386,20,0.0623,0.9315,0.9252,0.919
0.3865,20,0.0623,0.9315,0.9252,0.919
0.387,20,0.0623,0.9315,0.9252,0.919
0.3875,20,0.0623,0.9315,0.9252,0.919
0.388,20,0.0623,0.9315,0.9252,0.919
0.3885,20,0.0623,0.9315,0.9252,0.919
0.389,20,0.0623,0.9315,0.9252,0.919
0.3895,20,0.0623,0.9315,0.9252,0.919
0.39,20,0.0623,0.9315,0.9252,0.919
0.3905,20,0.0623,0.9315,0.9252,0.919
0.391,20,0.0623,0.9315,0.9252,0.919
0.3915,20,0.0623,0.9315,0.9252,0.919
0.392,20,0.0623,0.9315,0.9252,0.919
0.3925,20,0.0623,0.9315,0.9252,0.919
0.393,20,0.0623,0.9315,0.9252,0.919
0.3935,20,0.0623,0.9315,0.9252,0.919
0.394,20,0.0623,0.9315,0.9252,0.919
0.3945,20,0.0623,0.9315,0.9252,0.919
0.395,20,0.0623,0.9315,0.9252,0.919
0.3955,20,0.0623,0.9315,0.9252,0.919
0.396,20,0.0623,0.9315,0.9252,0.919
0.3965,20,0.0623,0.9315,0.9252,0.919
0.397,20,0.0623,0.9315,0.9252,0.919
0.3975,20,0.0623,0.9315,0.9252,0.919
0.398,20,0.0623,0.9315,0.9252,0.919
0.3985,20,0.0623,0.9315,0.9252,0.919
0.399,20,0.0623,0.9315,0.9252,0.919
0.3995,20,0.0623,0.9315,0.9252,0.919
0.4,20,0.0623,0.9315,0.9252,0.919
0.4005,20,0.0623,0.9315,0.9252,0.919
0.401,20,0.0623,0.9315,0.9252,0.919
0.4015,20,0.0623,0.9315,0.9252,0.919
0.402,20,0.0623,0.9315,0.9252,0.919
0.4025,20,0.0623,0.9315,0.9252,0.919
0.403,20,0.0623,0.9315,0.9252,0.919
0.4035,20,0.0623,0.9315,0.9252,0.919
0.404,20,0.0623,0.9315,0.9252,0.919
0.4045,20,0.0623,0.9315,0.9252,0.919
0.405,20,0.0623,0.9315,0.9252,0.919
0.4055,20,0.0623,0.9315,0.9252,0.919
0.406,20,0.0623,0.9315,0.9252,0.919
0.4065,20,0.0623,0.9315,0.9252,0.919
0.407,20,0.0623,0.9315,0.9252,0.919
0.4075,20,0.0623,0.9315,0.9252,0.919
0.408,20,0.0623,0.9315,0.9252,0.919
0.4085,20,0.0623,0.9315,0.9252,0.919
0.409,20,0.0623,0.9315,0.9252,0.919
0.4095,20,0.0623,0.9315,0.9252,0.919
0.41,20,0.0623,0.9315,0.9252,0.919
0.4105,20,0.0623,0.9315,0.9252,0.919
0.411,20,0.0623,0.9315,0.9252,0.919
0.4115,20,0.0623,0.9315,0.9252,0.919
0.412,20,0.0623,0.9315,0.9252,0.919
0.4125,20,0.0623,0.9315,0.9252,0.919
0.413,20,0.0623,0.9315,0.9252,0.919
0.4135,20,0.0623,0.9315,0.9252,0.919
0.414,19,0.0592,0.9315,0.9255,0.9196
0.4145,19,0.0592,0.9315,0.9255,0.9196
0.415,19,0.0592,0.9315,0.9255,0.9196
0.4155,19,0.0592,0.9315,0.9255,0.9196
0.416,19,0.0592,0.9315,0.9255,0.9196
0.4165,19,0.0592,0.9315,0.9255,0.9196
0.417,19,0.0592,0.9315,0.9255,0.9196
0.4175,19,0.0592,0.9315,0.9255,0.9196
0.418,19,0.0592,0.9315,0.9255,0.9196
0.4185,19,0.0592,0.9315,0.9255,0.9196
0.419,19,0.0592,0.9315,0.9255,0.9196
0.4195,19,0.0592,0.9315,0.9255,0.9196
0.42,19,0.0592,0.9315,0.9255,0.9196
0.4205,19,0.0592,0.9315,0.9255,0.9196
0.421,19,0.0592,0.9315,0.9255,0.9196
0.4215,19,0.0592,0.9315,0.9255,0.9196
0.422,19,0.0592,0.9315,0.9255,0.9196
0.4225,19,0.0592,0.9315,0.9255,0.9196
0.423,19,0.0592,0.9315,0.9255,0.9196
0.4235,19,0.0592,0.9315,0.9255,0.9196
0.424,19,0.0592,0.9315,0.9255,0.9196
0.4245,19,0.0592,0.9315,0.9255,0.9196
0.425,19,0.0592,0.9315,0.9255,0.9196
0.4255,19,0.0592,0.9315,0.9255,0.9196
0.426,19,0.0592,0.9315,0.9255,0.9196
0.4265,19,0.0592,0.9315,0.9255,0.9196
0.427,19,0.0592,0.9315,0.9255,0.9196
0.4275,19,0.0592,0.9315,0.9255,0.9196
0.428,19,0.0592,0.9315,0.9255,0.9196
0.4285,19,0.0592,0.9315,0.9255,0.9196
0.429,19,0.0592,0.9315,0.9255,0.9196
0.4295,19,0.0592,0.9315,0.9255,0.9196
0.43,19,0.0592,0.9315,0.9255,0.9196
0.4305,19,0.0592,0.9315,0.9255,0.9196
0.431,19,0.0592,0.9315,0.9255,0.9196
0.4315,19,0.0592,0.9315,0.9255,0.9196
0.432,19,0.0592,0.9315,0.9255,0.9196
0.4325,19,0.0592,0.9315,0.9255,0.9196
0.433,19,0.0592,0.9315,0.9255,0.9196
0.4335,19,0.0592,0.9315,0.9255,0.9196
0.434,19,0.0592,0.9315,0.9255,0.9196
0.4345,19,0.0592,0.9315,0.9255,0.9196
0.435,19,0.0592,0.9315,0.9255,0.9196
0.4355,19,0.0592,0.9315,0.9255,0.9196
0.436,19,0.0592,0.9315,0.9255,0.9196
0.4365,19,0.0592,0.9315,0.9255,0.9196
0.437,19,0.0592,0.9315,0.9255,0.9196
0.4375,19,0.0592,0.9315,0.9255,0.9196
0.438,19,0.0592,0.9315,0.9255,0.9196
0.4385,19,0.0592,0.9315,0.9255,0.9196
0.439,19,0.0592,0.9315,0.9255,0.9196
0.4395,19,0.0592,0.9315,0.9255,0.9196
0.44,19,0.0592,0.9315,0.9255,0.9196
0.4405,19,0.0592,0.9315,0.9255,0.9196
0.441,19,0.0592,0.9315,0.9255,0.9196
0.4415,19,0.0592,0.9315,0.9255,0.9196
0.442,19,0.0592,0.9315,0.9255,0.9196
0.4425,19,0.0592,0.9315,0.9255,0.9196
0.443,19,0.0592,0.9315,0.9255,0.9196
0.4435,19,0.0592,0.9315,0.9255,0.9196
0.444,19,0.0592,0.9315,0.9255,0.9196
0.4445,19,0.0592,0.9315,0.9255,0.9196
0.445,19,0.0592,0.9315,0.9255,0.9196
0.4455,19,0.0592,0.9315,0.9255,0.9196
0.446,19,0.0592,0.9315,0.9255,0.9196
0.4465,19,0.0592,0.9315,0.9255,0.9196
0.447,19,0.0592,0.9315,0.9255,0.9196
0.4475,19,0.0592,0.9315,0.9255,0.9196
0.448,19,0.0592,0.9315,0.9255,0.9196
0.4485,19,0.0592,0.9315,0.9255,0.9196
0.449,19,0.0592,0.9315,0.9255,0.9196
0.4495,19,0.0592,0.9315,0.9255,0.9196
0.45,19,0.0592,0.9315,0.9255,0.9196
0.4505,19,0.0592,0.9315,0.9255,0.9196
0.451,19,0.0592,0.9315,0.9255,0.9196
0.4515,19,0.0592,0.9315,0.9255,0.9196
0.452,19,0.0592,0.9315,0.9255,0.9196
0.4525,19,0.0592,0.9315,0.9255,0.9196
0.453,19,0.0592,0.9315,0.9255,0.9196
0.4535,19,0.0592,0.9315,0.9255,0.9196
0.454,19,0.0592,0.9315,0.9255,0.9196
0.4545,19,0.0592,0.9315,0.9255,0.9196
0.455,19,0.0592,0.9315,0.9255,0.9196
0.4555,19,0.0592,0.9315,0.9255,0.9196
0.456,19,0.0592,0.9315,0.9255,0.9196
0.4565,19,0.0592,0.9315,0.9255,0.9196
0.457,19,0.0592,0.9315,0.9255,0.9196
0.4575,18,0.0561,0.9315,0.9259,0.9202
0.458,18,0.0561,0.9315,0.9259,0.9202
0.4585,18,0.0561,0.9315,0.9259,0.9202
0.459,18,0.0561,0.9315,0.9259,0.9202
0.4595,18,0.0561,0.9315,0.9259,0.9202
0.46,18,0.0561,0.9315,0.9259,0.9202
0.4605,18,0.0561,0.9315,0.9259,0.9202
0.461,18,0.0561,0.9315,0.9259,0.9202
0.4615,18,0.0561,0.9315,0.9259,0.9202
0.462,18,0.0561,0.9315,0.9259,0.9202
0.4625,18,0.0561,0.9315,0.9259,0.9202
0.463,18,0.0561,0.9315,0.9259,0.9202
0.4635,18,0.0561,0.9315,0.9259,0.9202
0.464,18,0.0561,0.9315,0.9259,0.9202
0.4645,18,0.0561,0.9315,0.9259,0.9202
0.465,18,0.0561,0.9315,0.9259,0.9202
0.4655,18,0.0561,0.9315,0.9259,0.9202
0.466,18,0.0561,0.9315,0.9259,0.9202
0.4665,18,0.0561,0.9315,0.9259,0.9202
0.467,18,0.0561,0.9315,0.9259,0.9202
0.4675,18,0.0561,0.9315,0.9259,0.9202
0.468,18,0.0561,0.9315,0.9259,0.9202
0.4685,18,0.0561,0.9315,0.9259,0.9202
0.469,18,0.0561,0.9315,0.9259,0.9202
0.4695,18,0.0561,0.9315,0.9259,0.9202
0.47,18,0.0561,0.9315,0.9259,0.9202
0.4705,18,0.0561,0.9315,0.9259,0.9202
0.471,17,0.053,0.9283,0.9231,0.9178
0.4715,17,0.053,0.9283,0.9231,0.9178
0.472,17,0.053,0.9283,0.9231,0.9178
0.4725,17,0.053,0.9283,0.9231,0.9178
0.473,17,0.053,0.9283,0.9231,0.9178
0.4735,17,0.053,0.9283,0.9231,0.9178
0.474,17,0.053,0.9283,0.9231,0.9178
0.4745,17,0.053,0.9283,0.9231,0.9178
0.475,17,0.053,0.9283,0.9231,0.9178
0.4755,17,0.053,0.9283,0.9231,0.9178
0.476,17,0.053,0.9283,0.9231,0.9178
0.4765,17,0.053,0.9283,0.9231,0.9178
0.477,17,0.053,0.9283,0.9231,0.9178
0.4775,17,0.053,0.9283,0.9231,0.9178
0.478,17,0.053,0.9283,0.9231,0.9178
0.4785,17,0.053,0.9283,0.9231,0.9178
0.479,16,0.0498,0.9283,0.9234,0.9184
0.4795,16,0.0498,0.9283,0.9234,0.9184
0.48,16,0.0498,0.9283,0.9234,0.9184
0.4805,16,0.0498,0.9283,0.9234,0.9184
0.481,16,0.0498,0.9283,0.9234,0.9184
0.4815,15,0.0467,0.9283,0.9237,0.919
0.482,15,0.0467,0.9283,0.9237,0.919
0.4825,15,0.0467,0.9283,0.9237,0.919
0.483,15,0.0467,0.9283,0.9237,0.919
0.4835,15,0.0467,0.9283,0.9237,0.919
0.484,15,0.0467,0.9283,0.9237,0.919
0.4845,15,0.0467,0.9283,0.9237,0.919
0.485,15,0.0467,0.9283,0.9237,0.919
0.4855,15,0.0467,0.9283,0.9237,0.919
0.486,15,0.0467,0.9283,0.9237,0.919
0.4865,15,0.0467,0.9283,0.9237,0.919
0.487,15,0.0467,0.9283,0.9237,0.919
0.4875,15,0.0467,0.9283,0.9237,0.919
0.488,15,0.0467,0.9283,0.9237,0.919
0.4885,15,0.0467,0.9283,0.9237,0.919
0.489,15,0.0467,0.9283,0.9237,0.919
0.4895,15,0.0467,0.9283,0.9237,0.919
0.49,15,0.0467,0.9283,0.9237,0.919
0.4905,15,0.0467,0.9283,0.9237,0.919
0.491,15,0.0467,0.9283,0.9237,0.919
0.4915,15,0.0467,0.9283,0.9237,0.919
0.492,15,0.0467,0.9283,0.9237,0.919
0.4925,15,0.0467,0.9283,0.9237,0.919
0.493,15,0.0467,0.9283,0.9237,0.919
0.4935,15,0.0467,0.9283,0.9237,0.919
0.494,15,0.0467,0.9283,0.9237,0.919
0.4945,15,0.0467,0.9283,0.9237,0.919
0.495,15,0.0467,0.9283,0.9237,0.919
0.4955,15,0.0467,0.9283,0.9237,0.919
0.496,15,0.0467,0.9283,0.9237,0.919
0.4965,15,0.0467,0.9283,0.9237,0.919
0.497,15,0.0467,0.9283,0.9237,0.919
0.4975,15,0.0467,0.9283,0.9237,0.919
0.498,15,0.0467,0.9283,0.9237,0.919
0.4985,15,0.0467,0.9283,0.9237,0.919
0.499,15,0.0467,0.9283,0.9237,0.919
0.4995,15,0.0467,0.9283,0.9237,0.919
0.5,15,0.0467,0.9283,0.9237,0.919
0.5005,15,0.0467,0.9283,0.9237,0.919
0.501,15,0.0467,0.9283,0.9237,0.919
0.5015,15,0.0467,0.9283,0.9237,0.919
0.502,15,0.0467,0.9283,0.9237,0.919
0.5025,15,0.0467,0.9283,0.9237,0.919
0.503,15,0.0467,0.9283,0.9237,0.919
0.5035,15,0.0467,0.9283,0.9237,0.919
0.504,15,0.0467,0.9283,0.9237,0.919
0.5045,14,0.0436,0.9252,0.9209,0.9165
0.505,14,0.0436,0.9252,0.9209,0.9165
0.5055,14,0.0436,0.9252,0.9209,0.9165
0.506,14,0.0436,0.9252,0.9209,0.9165
0.5065,14,0.0436,0.9252,0.9209,0.9165
0.507,14,0.0436,0.9252,0.9209,0.9165
0.5075,14,0.0436,0.9252,0.9209,0.9165
0.508,14,0.0436,0.9252,0.9209,0.9165
0.5085,14,0.0436,0.9252,0.9209,0.9165
0.509,14,0.0436,0.9252,0.9209,0.9165
0.5095,14,0.0436,0.9252,0.9209,0.9165
0.51,14,0.0436,0.9252,0.9209,0.9165
0.5105,14,0.0436,0.9252,0.9209,0.9165
0.511,14,0.0436,0.9252,0.9209,0.9165
0.5115,14,0.0436,0.9252,0.9209,0.9165
0.512,14,0.0436,0.9252,0.9209,0.9165
0.5125,14,0.0436,0.9252,0.9209,0.9165
0.513,14,0.0436,0.9252,0.9209,0.9165
0.5135,14,0.0436,0.9252,0.9209,0.9165
0.514,14,0.0436,0.9252,0.9209,0.9165
0.5145,14,0.0436,0.9252,0.9209,0.9165
0.515,14,0.0436,0.9252,0.9209,0.9165
0.5155,13,0.0405,0.9252,0.9212,0.9171
0.516,13,0.0405,0.9252,0.9212,0.9171
0.5165,13,0.0405,0.9252,0.9212,0.9171
0.517,13,0.0405,0.9252,0.9212,0.9171
0.5175,13,0.0405,0.9252,0.9212,0.9171
0.518,13,0.0405,0.9252,0.9212,0.9171
0.5185,13,0.0405,0.9252,0.9212,0.9171
0.519,13,0.0405,0.9252,0.9212,0.9171
0.5195,13,0.0405,0.9252,0.9212,0.9171
0.52,13,0.0405,0.9252,0.9212,0.9171
0.5205,13,0.0405,0.9252,0.9212,0.9171
0.521,13,0.0405,0.9252,0.9212,0.9171
0.5215,13,0.0405,0.9252,0.9212,0.9171
0.522,13,0.0405,0.9252,0.9212,0.9171
0.5225,13,0.0405,0.9252,0.9212,0.9171
0.523,13,0.0405,0.9252,0.9212,0.9171
0.5235,13,0.0405,0.9252,0.9212,0.9171
0.524,13,0.0405,0.9252,0.9212,0.9171
0.5245,13,0.0405,0.9252,0.9212,0.9171
0.525,13,0.0405,0.9252,0.9212,0.9171
0.5255,13,0.0405,0.9252,0.9212,0.9171
0.526,13,0.0405,0.9252,0.9212,0.9171
0.5265,12,0.0374,0.9221,0.9184,0.9146
0.527,12,0.0374,0.9221,0.9184,0.9146
0.5275,12,0.0374,0.9221,0.9184,0.9146
0.528,12,0.0374,0.9221,0.9184,0.9146
0.5285,12,0.0374,0.9221,0.9184,0.9146
0.529,12,0.0374,0.9221,0.9184,0.9146
0.5295,12,0.0374,0.9221,0.9184,0.9146
0.53,12,0.0374,0.9221,0.9184,0.9146
0.5305,12,0.0374,0.9221,0.9184,0.9146
0.531,12,0.0374,0.9221,0.9184,0.9146
0.5315,12,0.0374,0.9221,0.9184,0.9146
0.532,12,0.0374,0.9221,0.9184,0.9146
0.5325,12,0.0374,0.9221,0.9184,0.9146
0.533,12,0.0374,0.9221,0.9184,0.9146
0.5335,12,0.0374,0.9221,0.9184,0.9146
0.534,12,0.0374,0.9221,0.9184,0.9146
0.5345,12,0.0374,0.9221,0.9184,0.9146
0.535,12,0.0374,0.9221,0.9184,0.9146
0.5355,12,0.0374,0.9221,0.9184,0.9146
0.536,12,0.0374,0.9221,0.9184,0.9146
0.5365,12,0.0374,0.9221,0.9184,0.9146
0.537,12,0.0374,0.9221,0.9184,0.9146
0.5375,12,0.0374,0.9221,0.9184,0.9146
0.538,12,0.0374,0.9221,0.9184,0.9146
0.5385,11,0.0343,0.9221,0.9187,0.9153
0.539,11,0.0343,0.9221,0.9187,0.9153
0.5395,11,0.0343,0.9221,0.9187,0.9153
0.54,11,0.0343,0.9221,0.9187,0.9153
0.5405,11,0.0343,0.9221,0.9187,0.9153
0.541,11,0.0343,0.9221,0.9187,0.9153
0.5415,11,0.0343,0.9221,0.9187,0.9153
0.542,11,0.0343,0.9221,0.9187,0.9153
0.5425,11,0.0343,0.9221,0.9187,0.9153
0.543,11,0.0343,0.9221,0.9187,0.9153
0.5435,10,0.0312,0.919,0.9159,0.9128
0.544,10,0.0312,0.919,0.9159,0.9128
0.5445,10,0.0312,0.919,0.9159,0.9128
0.545,10,0.0312,0.919,0.9159,0.9128
0.5455,10,0.0312,0.919,0.9159,0.9128
0.546,10,0.0312,0.919,0.9159,0.9128
0.5465,10,0.0312,0.919,0.9159,0.9128
0.547,10,0.0312,0.919,0.9159,0.9128
0.5475,10,0.0312,0.919,0.9159,0.9128
0.548,10,0.0312,0.919,0.9159,0.9128
0.5485,10,0.0312,0.919,0.9159,0.9128
0.549,10,0.0312,0.919,0.9159,0.9128
0.5495,10,0.0312,0.919,0.9159,0.9128
0.55,10,0.0312,0.919,0.9159,0.9128
0.5505,10,0.0312,0.919,0.9159,0.9128
0.551,10,0.0312,0.919,0.9159,0.9128
0.5515,10,0.0312,0.919,0.9159,0.9128
0.552,10,0.0312,0.919,0.9159,0.9128
0.5525,9,0.028,0.919,0.9162,0.9134
0.553,9,0.028,0.919,0.9162,0.9134
0.5535,9,0.028,0.919,0.9162,0.9134
0.554,8,0.0249,0.9159,0.9134,0.9109
0.5545,8,0.0249,0.9159,0.9134,0.9109
0.555,8,0.0249,0.9159,0.9134,0.9109
0.5555,8,0.0249,0.9159,0.9134,0.9109
0.556,8,0.0249,0.9159,0.9134,0.9109
0.5565,8,0.0249,0.9159,0.9134,0.9109
0.557,8,0.0249,0.9159,0.9134,0.9109
0.5575,8,0.0249,0.9159,0.9134,0.9109
0.558,8,0.0249,0.9159,0.9134,0.9109
0.5585,8,0.0249,0.9159,0.9134,0.9109
0.559,8,0.0249,0.9159,0.9134,0.9109
0.5595,8,0.0249,0.9159,0.9134,0.9109
0.56,8,0.0249,0.9159,0.9134,0.9109
0.5605,8,0.0249,0.9159,0.9134,0.9109
0.561,8,0.0249,0.9159,0.9134,0.9109
0.5615,8,0.0249,0.9159,0.9134,0.9109
0.562,8,0.0249,0.9159,0.9134,0.9109
0.5625,8,0.0249,0.9159,0.9134,0.9109
0.563,8,0.0249,0.9159,0.9134,0.9109
0.5635,8,0.0249,0.9159,0.9134,0.9109
0.564,8,0.0249,0.9159,0.9134,0.9109
0.5645,8,0.0249,0.9159,0.9134,0.9109
0.565,8,0.0249,0.9159,0.9134,0.9109
0.5655,8,0.0249,0.9159,0.9134,0.9109
0.566,8,0.0249,0.9159,0.9134,0.9109
0.5665,8,0.0249,0.9159,0.9134,0.9109
0.567,8,0.0249,0.9159,0.9134,0.9109
0.5675,8,0.0249,0.9159,0.9134,0.9109
0.568,8,0.0249,0.9159,0.9134,0.9109
0.5685,8,0.0249,0.9159,0.9134,0.9109
0.569,8,0.0249,0.9159,0.9134,0.9109
0.5695,8,0.0249,0.9159,0.9134,0.9109
0.57,8,0.0249,0.9159,0.9134,0.9109
0.5705,8,0.0249,0.9159,0.9134,0.9109
0.571,8,0.0249,0.9159,0.9134,0.9109
0.5715,8,0.0249,0.9159,0.9134,0.9109
0.572,8,0.0249,0.9159,0.9134,0.9109
0.5725,8,0.0249,0.9159,0.9134,0.9109
0.573,8,0.0249,0.9159,0.9134,0.9109
0.5735,8,0.0249,0.9159,0.9134,0.9109
0.574,8,0.0249,0.9159,0.9134,0.9109
0.5745,8,0.0249,0.9159,0.9134,0.9109
0.575,8,0.0249,0.9159,0.9134,0.9109
0.5755,8,0.0249,0.9159,0.9134,0.9109
0.576,8,0.0249,0.9159,0.9134,0.9109
0.5765,8,0.0249,0.9159,0.9134,0.9109
0.577,8,0.0249,0.9159,0.9134,0.9109
0.5775,8,0.0249,0.9159,0.9134,0.9109
0.578,8,0.0249,0.9159,0.9134,0.9109
0.5785,8,0.0249,0.9159,0.9134,0.9109
0.579,8,0.0249,0.9159,0.9134,0.9109
0.5795,8,0.0249,0.9159,0.9134,0.9109
0.58,8,0.0249,0.9159,0.9134,0.9109
0.5805,8,0.0249,0.9159,0.9134,0.9109
0.581,8,0.0249,0.9159,0.9134,0.9109
0.5815,7,0.0218,0.9128,0.9106,0.9084
0.582,7,0.0218,0.9128,0.9106,0.9084
0.5825,7,0.0218,0.9128,0.9106,0.9084
0.583,7,0.0218,0.9128,0.9106,0.9084
0.5835,7,0.0218,0.9128,0.9106,0.9084
0.584,7,0.0218,0.9128,0.9106,0.9084
0.5845,6,0.0187,0.9128,0.9109,0.909
0.585,6,0.0187,0.9128,0.9109,0.909
0.5855,6,0.0187,0.9128,0.9109,0.909
0.586,6,0.0187,0.9128,0.9109,0.909
0.5865,6,0.0187,0.9128,0.9109,0.909
0.587,6,0.0187,0.9128,0.9109,0.909
0.5875,6,0.0187,0.9128,0.9109,0.909
0.588,5,0.0156,0.9128,0.9112,0.9097
0.5885,5,0.0156,0.9128,0.9112,0.9097
0.589,5,0.0156,0.9128,0.9112,0.9097
0.5895,5,0.0156,0.9128,0.9112,0.9097
0.59,5,0.0156,0.9128,0.9112,0.9097
0.5905,5,0.0156,0.9128,0.9112,0.9097
0.591,5,0.0156,0.9128,0.9112,0.9097
0.5915,5,0.0156,0.9128,0.9112,0.9097
0.592,5,0.0156,0.9128,0.9112,0.9097
0.5925,5,0.0156,0.9128,0.9112,0.9097
0.593,5,0.0156,0.9128,0.9112,0.9097
0.5935,5,0.0156,0.9128,0.9112,0.9097
0.594,5,0.0156,0.9128,0.9112,0.9097
0.5945,5,0.0156,0.9128,0.9112,0.9097
0.595,5,0.0156,0.9128,0.9112,0.9097
0.5955,5,0.0156,0.9128,0.9112,0.9097
0.596,5,0.0156,0.9128,0.9112,0.9097
0.5965,5,0.0156,0.9128,0.9112,0.9097
0.597,5,0.0156,0.9128,0.9112,0.9097
0.5975,5,0.0156,0.9128,0.9112,0.9097
0.598,5,0.0156,0.9128,0.9112,0.9097
0.5985,5,0.0156,0.9128,0.9112,0.9097
0.599,5,0.0156,0.9128,0.9112,0.9097
0.5995,5,0.0156,0.9128,0.9112,0.9097
0.6,5,0.0156,0.9128,0.9112,0.9097
0.6005,5,0.0156,0.9128,0.9112,0.9097
0.601,5,0.0156,0.9128,0.9112,0.9097
0.6015,5,0.0156,0.9128,0.9112,0.9097
0.602,5,0.0156,0.9128,0.9112,0.9097
0.6025,5,0.0156,0.9128,0.9112,0.9097
0.603,5,0.0156,0.9128,0.9112,0.9097
0.6035,5,0.0156,0.9128,0.9112,0.9097
0.604,5,0.0156,0.9128,0.9112,0.9097
0.6045,5,0.0156,0.9128,0.9112,0.9097
0.605,5,0.0156,0.9128,0.9112,0.9097
0.6055,5,0.0156,0.9128,0.9112,0.9097
0.606,5,0.0156,0.9128,0.9112,0.9097
0.6065,5,0.0156,0.9128,0.9112,0.9097
0.607,5,0.0156,0.9128,0.9112,0.9097
0.6075,5,0.0156,0.9128,0.9112,0.9097
0.608,5,0.0156,0.9128,0.9112,0.9097
0.6085,5,0.0156,0.9128,0.9112,0.9097
0.609,5,0.0156,0.9128,0.9112,0.9097
0.6095,5,0.0156,0.9128,0.9112,0.9097
0.61,5,0.0156,0.9128,0.9112,0.9097
0.6105,5,0.0156,0.9128,0.9112,0.9097
0.611,5,0.0156,0.9128,0.9112,0.9097
0.6115,5,0.0156,0.9128,0.9112,0.9097
0.612,5,0.0156,0.9128,0.9112,0.9097
0.6125,5,0.0156,0.9128,0.9112,0.9097
0.613,5,0.0156,0.9128,0.9112,0.9097
0.6135,5,0.0156,0.9128,0.9112,0.9097
0.614,5,0.0156,0.9128,0.9112,0.9097
0.6145,5,0.0156,0.9128,0.9112,0.9097
0.615,5,0.0156,0.9128,0.9112,0.9097
0.6155,5,0.0156,0.9128,0.9112,0.9097
0.616,5,0.0156,0.9128,0.9112,0.9097
0.6165,5,0.0156,0.9128,0.9112,0.9097
0.617,5,0.0156,0.9128,0.9112,0.9097
0.6175,5,0.0156,0.9128,0.9112,0.9097
0.618,5,0.0156,0.9128,0.9112,0.9097
0.6185,5,0.0156,0.9128,0.9112,0.9097
0.619,5,0.0156,0.9128,0.9112,0.9097
0.6195,5,0.0156,0.9128,0.9112,0.9097
0.62,5,0.0156,0.9128,0.9112,0.9097
0.6205,4,0.0125,0.9128,0.9115,0.9103
0.621,4,0.0125,0.9128,0.9115,0.9103
0.6215,4,0.0125,0.9128,0.9115,0.9103
0.622,4,0.0125,0.9128,0.9115,0.9103
0.6225,4,0.0125,0.9128,0.9115,0.9103
0.623,4,0.0125,0.9128,0.9115,0.9103
0.6235,4,0.0125,0.9128,0.9115,0.9103
0.624,4,0.0125,0.9128,0.9115,0.9103
0.6245,4,0.0125,0.9128,0.9115,0.9103
0.625,4,0.0125,0.9128,0.9115,0.9103
0.6255,4,0.0125,0.9128,0.9115,0.9103
0.626,4,0.0125,0.9128,0.9115,0.9103
0.6265,4,0.0125,0.9128,0.9115,0.9103
0.627,4,0.0125,0.9128,0.9115,0.9103
0.6275,4,0.0125,0.9128,0.9115,0.9103
0.628,4,0.0125,0.9128,0.9115,0.9103
0.6285,4,0.0125,0.9128,0.9115,0.9103
0.629,4,0.0125,0.9128,0.9115,0.9103
0.6295,4,0.0125,0.9128,0.9115,0.9103
0.63,4,0.0125,0.9128,0.9115,0.9103
0.6305,4,0.0125,0.9128,0.9115,0.9103
0.631,4,0.0125,0.9128,0.9115,0.9103
0.6315,4,0.0125,0.9128,0.9115,0.9103
0.632,4,0.0125,0.9128,0.9115,0.9103
0.6325,4,0.0125,0.9128,0.9115,0.9103
0.633,4,0.0125,0.9128,0.9115,0.9103
0.6335,4,0.0125,0.9128,0.9115,0.9103
0.634,4,0.0125,0.9128,0.9115,0.9103
0.6345,4,0.0125,0.9128,0.9115,0.9103
0.635,4,0.0125,0.9128,0.9115,0.9103
0.6355,4,0.0125,0.9128,0.9115,0.9103
0.636,4,0.0125,0.9128,0.9115,0.9103
0.6365,4,0.0125,0.9128,0.9115,0.9103
0.637,4,0.0125,0.9128,0.9115,0.9103
0.6375,4,0.0125,0.9128,0.9115,0.9103
0.638,4,0.0125,0.9128,0.9115,0.9103
0.6385,4,0.0125,0.9128,0.9115,0.9103
0.639,4,0.0125,0.9128,0.9115,0.9103
0.6395,4,0.0125,0.9128,0.9115,0.9103
0.64,4,0.0125,0.9128,0.9115,0.9103
0.6405,4,0.0125,0.9128,0.9115,0.9103
0.641,4,0.0125,0.9128,0.9115,0.9103
0.6415,4,0.0125,0.9128,0.9115,0.9103
0.642,4,0.0125,0.9128,0.9115,0.9103
0.6425,4,0.0125,0.9128,0.9115,0.9103
0.643,4,0.0125,0.9128,0.9115,0.9103
0.6435,4,0.0125,0.9128,0.9115,0.9103
0.644,4,0.0125,0.9128,0.9115,0.9103
0.6445,4,0.0125,0.9128,0.9115,0.9103
0.645,4,0.0125,0.9128,0.9115,0.9103
0.6455,4,0.0125,0.9128,0.9115,0.9103
0.646,4,0.0125,0.9128,0.9115,0.9103
0.6465,4,0.0125,0.9128,0.9115,0.9103
0.647,4,0.0125,0.9128,0.9115,0.9103
0.6475,3,0.0093,0.9128,0.9118,0.9109
0.648,3,0.0093,0.9128,0.9118,0.9109
0.6485,3,0.0093,0.9128,0.9118,0.9109
0.649,3,0.0093,0.9128,0.9118,0.9109
0.6495,3,0.0093,0.9128,0.9118,0.9109
0.65,3,0.0093,0.9128,0.9118,0.9109
0.6505,3,0.0093,0.9128,0.9118,0.9109
0.651,3,0.0093,0.9128,0.9118,0.9109
0.6515,3,0.0093,0.9128,0.9118,0.9109
0.652,3,0.0093,0.9128,0.9118,0.9109
0.6525,3,0.0093,0.9128,0.9118,0.9109
0.653,3,0.0093,0.9128,0.9118,0.9109
0.6535,3,0.0093,0.9128,0.9118,0.9109
0.654,3,0.0093,0.9128,0.9118,0.9109
0.6545,3,0.0093,0.9128,0.9118,0.9109
0.655,3,0.0093,0.9128,0.9118,0.9109
0.6555,3,0.0093,0.9128,0.9118,0.9109
0.656,3,0.0093,0.9128,0.9118,0.9109
0.6565,3,0.0093,0.9128,0.9118,0.9109
0.657,3,0.0093,0.9128,0.9118,0.9109
0.6575,3,0.0093,0.9128,0.9118,0.9109
0.658,3,0.0093,0.9128,0.9118,0.9109
0.6585,3,0.0093,0.9128,0.9118,0.9109
0.659,3,0.0093,0.9128,0.9118,0.9109
0.6595,3,0.0093,0.9128,0.9118,0.9109
0.66,3,0.0093,0.9128,0.9118,0.9109
0.6605,3,0.0093,0.9128,0.9118,0.9109
0.661,3,0.0093,0.9128,0.9118,0.9109
0.6615,3,0.0093,0.9128,0.9118,0.9109
0.662,3,0.0093,0.9128,0.9118,0.9109
0.6625,3,0.0093,0.9128,0.9118,0.9109
0.663,3,0.0093,0.9128,0.9118,0.9109
0.6635,3,0.0093,0.9128,0.9118,0.9109
0.664,3,0.0093,0.9128,0.9118,0.9109
0.6645,3,0.0093,0.9128,0.9118,0.9109
0.665,3,0.0093,0.9128,0.9118,0.9109
0.6655,3,0.0093,0.9128,0.9118,0.9109
0.666,3,0.0093,0.9128,0.9118,0.9109
0.6665,3,0.0093,0.9128,0.9118,0.9109
0.667,3,0.0093,0.9128,0.9118,0.9109
0.6675,3,0.0093,0.9128,0.9118,0.9109
0.668,3,0.0093,0.9128,0.9118,0.9109
0.6685,3,0.0093,0.9128,0.9118,0.9109
0.669,3,0.0093,0.9128,0.9118,0.9109
0.6695,3,0.0093,0.9128,0.9118,0.9109
0.67,3,0.0093,0.9128,0.9118,0.9109
0.6705,3,0.0093,0.9128,0.9118,0.9109
0.671,3,0.0093,0.9128,0.9118,0.9109
0.6715,3,0.0093,0.9128,0.9118,0.9109
0.672,3,0.0093,0.9128,0.9118,0.9109
0.6725,3,0.0093,0.9128,0.9118,0.9109
0.673,3,0.0093,0.9128,0.9118,0.9109
0.6735,3,0.0093,0.9128,0.9118,0.9109
0.674,3,0.0093,0.9128,0.9118,0.9109
0.6745,2,0.0062,0.9097,0.909,0.9084
0.675,2,0.0062,0.9097,0.909,0.9084
0.6755,2,0.0062,0.9097,0.909,0.9084
0.676,2,0.0062,0.9097,0.909,0.9084
0.6765,2,0.0062,0.9097,0.909,0.9084
0.677,2,0.0062,0.9097,0.909,0.9084
0.6775,2,0.0062,0.9097,0.909,0.9084
0.678,2,0.0062,0.9097,0.909,0.9084
0.6785,2,0.0062,0.9097,0.909,0.9084
0.679,2,0.0062,0.9097,0.909,0.9084
0.6795,2,0.0062,0.9097,0.909,0.9084
0.68,2,0.0062,0.9097,0.909,0.9084
0.6805,2,0.0062,0.9097,0.909,0.9084
0.681,2,0.0062,0.9097,0.909,0.9084
0.6815,2,0.0062,0.9097,0.909,0.9084
0.682,2,0.0062,0.9097,0.909,0.9084
0.6825,2,0.0062,0.9097,0.909,0.9084
0.683,2,0.0062,0.9097,0.909,0.9084
0.6835,2,0.0062,0.9097,0.909,0.9084
0.684,2,0.0062,0.9097,0.909,0.9084
0.6845,1,0.0031,0.9065,0.9062,0.9059
0.685,1,0.0031,0.9065,0.9062,0.9059
0.6855,1,0.0031,0.9065,0.9062,0.9059
0.686,1,0.0031,0.9065,0.9062,0.9059
0.6865,1,0.0031,0.9065,0.9062,0.9059
0.687,1,0.0031,0.9065,0.9062,0.9059
0.6875,1,0.0031,0.9065,0.9062,0.9059
0.688,1,0.0031,0.9065,0.9062,0.9059
0.6885,1,0.0031,0.9065,0.9062,0.9059
0.689,1,0.0031,0.9065,0.9062,0.9059
0.6895,1,0.0031,0.9065,0.9062,0.9059
0.69,1,0.0031,0.9065,0.9062,0.9059
0.6905,1,0.0031,0.9065,0.9062,0.9059
0.691,1,0.0031,0.9065,0.9062,0.9059
0.6915,1,0.0031,0.9065,0.9062,0.9059
0.692,1,0.0031,0.9065,0.9062,0.9059
0.6925,0,0.0,0.9065,0.9065,0.9065
0.693,0,0.0,0.9065,0.9065,0.9065
0.6935,0,0.0,0.9065,0.9065,0.9065
0.694,0,0.0,0.9065,0.9065,0.9065
0.6945,0,0.0,0.9065,0.9065,0.9065
0.695,0,0.0,0.9065,0.9065,0.9065
0.6955,0,0.0,0.9065,0.9065,0.9065
0.696,0,0.0,0.9065,0.9065,0.9065
0.6965,0,0.0,0.9065,0.9065,0.9065
0.697,0,0.0,0.9065,0.9065,0.9065
0.6975,0,0.0,0.9065,0.9065,0.9065
0.698,0,0.0,0.9065,0.9065,0.9065
0.6985,0,0.0,0.9065,0.9065,0.9065
0.699,0,0.0,0.9065,0.9065,0.9065
0.6995,0,0.0,0.9065,0.9065,0.9065
0.7,0,0.0,0.9065,0.9065,0.9065
