threshold,pending_count,pending_ratio,exact_match_acc_human_100%,exact_match_acc_human_90%,exact_match_acc_human_80%,macro_f1_human_100%
0.0,66,0.2056,0.972,0.9514,0.9308,0.9853
0.0005,42,0.1308,0.947,0.934,0.9209,0.9678
0.001,38,0.1184,0.9408,0.929,0.9171,0.965
0.0015,35,0.109,0.9377,0.9268,0.9159,0.9622
0.002,33,0.1028,0.9346,0.9243,0.914,0.961
0.0025,32,0.0997,0.9315,0.9215,0.9115,0.958
0.003,29,0.0903,0.9283,0.9193,0.9103,0.9568
0.0035,27,0.0841,0.9283,0.9199,0.9115,0.9568
0.004,27,0.0841,0.9283,0.9199,0.9115,0.9568
0.0045,26,0.081,0.9283,0.9202,0.9121,0.9568
0.005,26,0.081,0.9283,0.9202,0.9121,0.9568
0.0055,25,0.0779,0.9283,0.9206,0.9128,0.9568
0.006,25,0.0779,0.9283,0.9206,0.9128,0.9568
0.0065,25,0.0779,0.9283,0.9206,0.9128,0.9568
0.007,24,0.0748,0.9283,0.9209,0.9134,0.9568
0.0075,23,0.0717,0.9283,0.9212,0.914,0.9568
0.008,23,0.0717,0.9283,0.9212,0.914,0.9568
0.0085,23,0.0717,0.9283,0.9212,0.914,0.9568
0.009,23,0.0717,0.9283,0.9212,0.914,0.9568
0.0095,23,0.0717,0.9283,0.9212,0.914,0.9568
0.01,22,0.0685,0.9252,0.9184,0.9115,0.9556
0.0105,22,0.0685,0.9252,0.9184,0.9115,0.9556
0.011,22,0.0685,0.9252,0.9184,0.9115,0.9556
0.0115,22,0.0685,0.9252,0.9184,0.9115,0.9556
0.012,22,0.0685,0.9252,0.9184,0.9115,0.9556
0.0125,22,0.0685,0.9252,0.9184,0.9115,0.9556
0.013,22,0.0685,0.9252,0.9184,0.9115,0.9556
0.0135,22,0.0685,0.9252,0.9184,0.9115,0.9556
0.014,22,0.0685,0.9252,0.9184,0.9115,0.9556
0.0145,21,0.0654,0.9252,0.9187,0.9121,0.9556
0.015,21,0.0654,0.9252,0.9187,0.9121,0.9556
0.0155,21,0.0654,0.9252,0.9187,0.9121,0.9556
0.016,21,0.0654,0.9252,0.9187,0.9121,0.9556
0.0165,21,0.0654,0.9252,0.9187,0.9121,0.9556
0.017,21,0.0654,0.9252,0.9187,0.9121,0.9556
0.0175,21,0.0654,0.9252,0.9187,0.9121,0.9556
0.018,21,0.0654,0.9252,0.9187,0.9121,0.9556
0.0185,21,0.0654,0.9252,0.9187,0.9121,0.9556
0.019,21,0.0654,0.9252,0.9187,0.9121,0.9556
0.0195,21,0.0654,0.9252,0.9187,0.9121,0.9556
0.02,21,0.0654,0.9252,0.9187,0.9121,0.9556
0.0205,21,0.0654,0.9252,0.9187,0.9121,0.9556
0.021,21,0.0654,0.9252,0.9187,0.9121,0.9556
0.0215,21,0.0654,0.9252,0.9187,0.9121,0.9556
0.022,21,0.0654,0.9252,0.9187,0.9121,0.9556
0.0225,21,0.0654,0.9252,0.9187,0.9121,0.9556
0.023,21,0.0654,0.9252,0.9187,0.9121,0.9556
0.0235,21,0.0654,0.9252,0.9187,0.9121,0.9556
0.024,21,0.0654,0.9252,0.9187,0.9121,0.9556
0.0245,21,0.0654,0.9252,0.9187,0.9121,0.9556
0.025,21,0.0654,0.9252,0.9187,0.9121,0.9556
0.0255,21,0.0654,0.9252,0.9187,0.9121,0.9556
0.026,21,0.0654,0.9252,0.9187,0.9121,0.9556
0.0265,20,0.0623,0.9221,0.9159,0.9097,0.9542
0.027,20,0.0623,0.9221,0.9159,0.9097,0.9542
0.0275,20,0.0623,0.9221,0.9159,0.9097,0.9542
0.028,20,0.0623,0.9221,0.9159,0.9097,0.9542
0.0285,20,0.0623,0.9221,0.9159,0.9097,0.9542
0.029,20,0.0623,0.9221,0.9159,0.9097,0.9542
0.0295,20,0.0623,0.9221,0.9159,0.9097,0.9542
0.03,20,0.0623,0.9221,0.9159,0.9097,0.9542
0.0305,20,0.0623,0.9221,0.9159,0.9097,0.9542
0.031,20,0.0623,0.9221,0.9159,0.9097,0.9542
0.0315,20,0.0623,0.9221,0.9159,0.9097,0.9542
0.032,19,0.0592,0.9221,0.9162,0.9103,0.9542
0.0325,19,0.0592,0.9221,0.9162,0.9103,0.9542
0.033,19,0.0592,0.9221,0.9162,0.9103,0.9542
0.0335,19,0.0592,0.9221,0.9162,0.9103,0.9542
0.034,19,0.0592,0.9221,0.9162,0.9103,0.9542
0.0345,19,0.0592,0.9221,0.9162,0.9103,0.9542
0.035,19,0.0592,0.9221,0.9162,0.9103,0.9542
0.0355,19,0.0592,0.9221,0.9162,0.9103,0.9542
0.036,19,0.0592,0.9221,0.9162,0.9103,0.9542
0.0365,19,0.0592,0.9221,0.9162,0.9103,0.9542
0.037,19,0.0592,0.9221,0.9162,0.9103,0.9542
0.0375,19,0.0592,0.9221,0.9162,0.9103,0.9542
0.038,18,0.0561,0.919,0.9134,0.9078,0.953
0.0385,18,0.0561,0.919,0.9134,0.9078,0.953
0.039,18,0.0561,0.919,0.9134,0.9078,0.953
0.0395,18,0.0561,0.919,0.9134,0.9078,0.953
0.04,18,0.0561,0.919,0.9134,0.9078,0.953
0.0405,18,0.0561,0.919,0.9134,0.9078,0.953
0.041,18,0.0561,0.919,0.9134,0.9078,0.953
0.0415,18,0.0561,0.919,0.9134,0.9078,0.953
0.042,18,0.0561,0.919,0.9134,0.9078,0.953
0.0425,18,0.0561,0.919,0.9134,0.9078,0.953
0.043,18,0.0561,0.919,0.9134,0.9078,0.953
0.0435,18,0.0561,0.919,0.9134,0.9078,0.953
0.044,18,0.0561,0.919,0.9134,0.9078,0.953
0.0445,18,0.0561,0.919,0.9134,0.9078,0.953
0.045,18,0.0561,0.919,0.9134,0.9078,0.953
0.0455,18,0.0561,0.919,0.9134,0.9078,0.953
0.046,18,0.0561,0.919,0.9134,0.9078,0.953
0.0465,18,0.0561,0.919,0.9134,0.9078,0.953
0.047,18,0.0561,0.919,0.9134,0.9078,0.953
0.0475,18,0.0561,0.919,0.9134,0.9078,0.953
0.048,18,0.0561,0.919,0.9134,0.9078,0.953
0.0485,18,0.0561,0.919,0.9134,0.9078,0.953
0.049,18,0.0561,0.919,0.9134,0.9078,0.953
0.0495,18,0.0561,0.919,0.9134,0.9078,0.953
0.05,18,0.0561,0.919,0.9134,0.9078,0.953
0.0505,18,0.0561,0.919,0.9134,0.9078,0.953
0.051,18,0.0561,0.919,0.9134,0.9078,0.953
0.0515,18,0.0561,0.919,0.9134,0.9078,0.953
0.052,18,0.0561,0.919,0.9134,0.9078,0.953
0.0525,18,0.0561,0.919,0.9134,0.9078,0.953
0.053,18,0.0561,0.919,0.9134,0.9078,0.953
0.0535,18,0.0561,0.919,0.9134,0.9078,0.953
0.054,18,0.0561,0.919,0.9134,0.9078,0.953
0.0545,18,0.0561,0.919,0.9134,0.9078,0.953
0.055,18,0.0561,0.919,0.9134,0.9078,0.953
0.0555,18,0.0561,0.919,0.9134,0.9078,0.953
0.056,18,0.0561,0.919,0.9134,0.9078,0.953
0.0565,18,0.0561,0.919,0.9134,0.9078,0.953
0.057,18,0.0561,0.919,0.9134,0.9078,0.953
0.0575,18,0.0561,0.919,0.9134,0.9078,0.953
0.058,18,0.0561,0.919,0.9134,0.9078,0.953
0.0585,18,0.0561,0.919,0.9134,0.9078,0.953
0.059,18,0.0561,0.919,0.9134,0.9078,0.953
0.0595,18,0.0561,0.919,0.9134,0.9078,0.953
0.06,18,0.0561,0.919,0.9134,0.9078,0.953
0.0605,18,0.0561,0.919,0.9134,0.9078,0.953
0.061,18,0.0561,0.919,0.9134,0.9078,0.953
0.0615,17,0.053,0.919,0.9137,0.9084,0.953
0.062,17,0.053,0.919,0.9137,0.9084,0.953
0.0625,17,0.053,0.919,0.9137,0.9084,0.953
0.063,17,0.053,0.919,0.9137,0.9084,0.953
0.0635,17,0.053,0.919,0.9137,0.9084,0.953
0.064,16,0.0498,0.919,0.914,0.909,0.953
0.0645,16,0.0498,0.919,0.914,0.909,0.953
0.065,16,0.0498,0.919,0.914,0.909,0.953
0.0655,16,0.0498,0.919,0.914,0.909,0.953
0.066,16,0.0498,0.919,0.914,0.909,0.953
0.0665,16,0.0498,0.919,0.914,0.909,0.953
0.067,16,0.0498,0.919,0.914,0.909,0.953
0.0675,16,0.0498,0.919,0.914,0.909,0.953
0.068,16,0.0498,0.919,0.914,0.909,0.953
0.0685,16,0.0498,0.919,0.914,0.909,0.953
0.069,16,0.0498,0.919,0.914,0.909,0.953
0.0695,16,0.0498,0.919,0.914,0.909,0.953
0.07,16,0.0498,0.919,0.914,0.909,0.953
0.0705,16,0.0498,0.919,0.914,0.909,0.953
0.071,16,0.0498,0.919,0.914,0.909,0.953
0.0715,16,0.0498,0.919,0.914,0.909,0.953
0.072,16,0.0498,0.919,0.914,0.909,0.953
0.0725,16,0.0498,0.919,0.914,0.909,0.953
0.073,16,0.0498,0.919,0.914,0.909,0.953
0.0735,16,0.0498,0.919,0.914,0.909,0.953
0.074,16,0.0498,0.919,0.914,0.909,0.953
0.0745,16,0.0498,0.919,0.914,0.909,0.953
0.075,16,0.0498,0.919,0.914,0.909,0.953
0.0755,16,0.0498,0.919,0.914,0.909,0.953
0.076,16,0.0498,0.919,0.914,0.909,0.953
0.0765,15,0.0467,0.919,0.9143,0.9097,0.953
0.077,15,0.0467,0.919,0.9143,0.9097,0.953
0.0775,15,0.0467,0.919,0.9143,0.9097,0.953
0.078,15,0.0467,0.919,0.9143,0.9097,0.953
0.0785,15,0.0467,0.919,0.9143,0.9097,0.953
0.079,15,0.0467,0.919,0.9143,0.9097,0.953
0.0795,15,0.0467,0.919,0.9143,0.9097,0.953
0.08,15,0.0467,0.919,0.9143,0.9097,0.953
0.0805,15,0.0467,0.919,0.9143,0.9097,0.953
0.081,15,0.0467,0.919,0.9143,0.9097,0.953
0.0815,15,0.0467,0.919,0.9143,0.9097,0.953
0.082,15,0.0467,0.919,0.9143,0.9097,0.953
0.0825,15,0.0467,0.919,0.9143,0.9097,0.953
0.083,15,0.0467,0.919,0.9143,0.9097,0.953
0.0835,15,0.0467,0.919,0.9143,0.9097,0.953
0.084,15,0.0467,0.919,0.9143,0.9097,0.953
0.0845,15,0.0467,0.919,0.9143,0.9097,0.953
0.085,15,0.0467,0.919,0.9143,0.9097,0.953
0.0855,15,0.0467,0.919,0.9143,0.9097,0.953
0.086,15,0.0467,0.919,0.9143,0.9097,0.953
0.0865,14,0.0436,0.9159,0.9115,0.9072,0.9516
0.087,14,0.0436,0.9159,0.9115,0.9072,0.9516
0.0875,14,0.0436,0.9159,0.9115,0.9072,0.9516
0.088,14,0.0436,0.9159,0.9115,0.9072,0.9516
0.0885,14,0.0436,0.9159,0.9115,0.9072,0.9516
0.089,13,0.0405,0.9159,0.9118,0.9078,0.9516
0.0895,13,0.0405,0.9159,0.9118,0.9078,0.9516
0.09,13,0.0405,0.9159,0.9118,0.9078,0.9516
0.0905,13,0.0405,0.9159,0.9118,0.9078,0.9516
0.091,13,0.0405,0.9159,0.9118,0.9078,0.9516
0.0915,13,0.0405,0.9159,0.9118,0.9078,0.9516
0.092,13,0.0405,0.9159,0.9118,0.9078,0.9516
0.0925,13,0.0405,0.9159,0.9118,0.9078,0.9516
0.093,13,0.0405,0.9159,0.9118,0.9078,0.9516
0.0935,13,0.0405,0.9159,0.9118,0.9078,0.9516
0.094,13,0.0405,0.9159,0.9118,0.9078,0.9516
0.0945,13,0.0405,0.9159,0.9118,0.9078,0.9516
0.095,13,0.0405,0.9159,0.9118,0.9078,0.9516
0.0955,13,0.0405,0.9159,0.9118,0.9078,0.9516
0.096,13,0.0405,0.9159,0.9118,0.9078,0.9516
0.0965,13,0.0405,0.9159,0.9118,0.9078,0.9516
0.097,13,0.0405,0.9159,0.9118,0.9078,0.9516
0.0975,13,0.0405,0.9159,0.9118,0.9078,0.9516
0.098,13,0.0405,0.9159,0.9118,0.9078,0.9516
0.0985,13,0.0405,0.9159,0.9118,0.9078,0.9516
0.099,13,0.0405,0.9159,0.9118,0.9078,0.9516
0.0995,13,0.0405,0.9159,0.9118,0.9078,0.9516
0.1,13,0.0405,0.9159,0.9118,0.9078,0.9516
0.1005,13,0.0405,0.9159,0.9118,0.9078,0.9516
0.101,13,0.0405,0.9159,0.9118,0.9078,0.9516
0.1015,13,0.0405,0.9159,0.9118,0.9078,0.9516
0.102,13,0.0405,0.9159,0.9118,0.9078,0.9516
0.1025,13,0.0405,0.9159,0.9118,0.9078,0.9516
0.103,13,0.0405,0.9159,0.9118,0.9078,0.9516
0.1035,13,0.0405,0.9159,0.9118,0.9078,0.9516
0.104,13,0.0405,0.9159,0.9118,0.9078,0.9516
0.1045,13,0.0405,0.9159,0.9118,0.9078,0.9516
0.105,13,0.0405,0.9159,0.9118,0.9078,0.9516
0.1055,13,0.0405,0.9159,0.9118,0.9078,0.9516
0.106,13,0.0405,0.9159,0.9118,0.9078,0.9516
0.1065,13,0.0405,0.9159,0.9118,0.9078,0.9516
0.107,13,0.0405,0.9159,0.9118,0.9078,0.9516
0.1075,13,0.0405,0.9159,0.9118,0.9078,0.9516
0.108,12,0.0374,0.9159,0.9121,0.9084,0.9516
0.1085,12,0.0374,0.9159,0.9121,0.9084,0.9516
0.109,12,0.0374,0.9159,0.9121,0.9084,0.9516
0.1095,11,0.0343,0.9159,0.9125,0.909,0.9516
0.11,11,0.0343,0.9159,0.9125,0.909,0.9516
0.1105,11,0.0343,0.9159,0.9125,0.909,0.9516
0.111,11,0.0343,0.9159,0.9125,0.909,0.9516
0.1115,11,0.0343,0.9159,0.9125,0.909,0.9516
0.112,11,0.0343,0.9159,0.9125,0.909,0.9516
0.1125,11,0.0343,0.9159,0.9125,0.909,0.9516
0.113,11,0.0343,0.9159,0.9125,0.909,0.9516
0.1135,11,0.0343,0.9159,0.9125,0.909,0.9516
0.114,11,0.0343,0.9159,0.9125,0.909,0.9516
0.1145,11,0.0343,0.9159,0.9125,0.909,0.9516
0.115,11,0.0343,0.9159,0.9125,0.909,0.9516
0.1155,10,0.0312,0.9159,0.9128,0.9097,0.9516
0.116,10,0.0312,0.9159,0.9128,0.9097,0.9516
0.1165,10,0.0312,0.9159,0.9128,0.9097,0.9516
0.117,10,0.0312,0.9159,0.9128,0.9097,0.9516
0.1175,10,0.0312,0.9159,0.9128,0.9097,0.9516
0.118,10,0.0312,0.9159,0.9128,0.9097,0.9516
0.1185,10,0.0312,0.9159,0.9128,0.9097,0.9516
0.119,10,0.0312,0.9159,0.9128,0.9097,0.9516
0.1195,9,0.028,0.9128,0.91,0.9072,0.9504
0.12,9,0.028,0.9128,0.91,0.9072,0.9504
0.1205,9,0.028,0.9128,0.91,0.9072,0.9504
0.121,9,0.028,0.9128,0.91,0.9072,0.9504
0.1215,9,0.028,0.9128,0.91,0.9072,0.9504
0.122,9,0.028,0.9128,0.91,0.9072,0.9504
0.1225,9,0.028,0.9128,0.91,0.9072,0.9504
0.123,9,0.028,0.9128,0.91,0.9072,0.9504
0.1235,9,0.028,0.9128,0.91,0.9072,0.9504
0.124,9,0.028,0.9128,0.91,0.9072,0.9504
0.1245,9,0.028,0.9128,0.91,0.9072,0.9504
0.125,9,0.028,0.9128,0.91,0.9072,0.9504
0.1255,9,0.028,0.9128,0.91,0.9072,0.9504
0.126,9,0.028,0.9128,0.91,0.9072,0.9504
0.1265,9,0.028,0.9128,0.91,0.9072,0.9504
0.127,9,0.028,0.9128,0.91,0.9072,0.9504
0.1275,9,0.028,0.9128,0.91,0.9072,0.9504
0.128,9,0.028,0.9128,0.91,0.9072,0.9504
0.1285,9,0.028,0.9128,0.91,0.9072,0.9504
0.129,9,0.028,0.9128,0.91,0.9072,0.9504
0.1295,9,0.028,0.9128,0.91,0.9072,0.9504
0.13,9,0.028,0.9128,0.91,0.9072,0.9504
0.1305,9,0.028,0.9128,0.91,0.9072,0.9504
0.131,9,0.028,0.9128,0.91,0.9072,0.9504
0.1315,9,0.028,0.9128,0.91,0.9072,0.9504
0.132,9,0.028,0.9128,0.91,0.9072,0.9504
0.1325,9,0.028,0.9128,0.91,0.9072,0.9504
0.133,9,0.028,0.9128,0.91,0.9072,0.9504
0.1335,9,0.028,0.9128,0.91,0.9072,0.9504
0.134,9,0.028,0.9128,0.91,0.9072,0.9504
0.1345,9,0.028,0.9128,0.91,0.9072,0.9504
0.135,9,0.028,0.9128,0.91,0.9072,0.9504
0.1355,9,0.028,0.9128,0.91,0.9072,0.9504
0.136,9,0.028,0.9128,0.91,0.9072,0.9504
0.1365,9,0.028,0.9128,0.91,0.9072,0.9504
0.137,9,0.028,0.9128,0.91,0.9072,0.9504
0.1375,9,0.028,0.9128,0.91,0.9072,0.9504
0.138,9,0.028,0.9128,0.91,0.9072,0.9504
0.1385,9,0.028,0.9128,0.91,0.9072,0.9504
0.139,9,0.028,0.9128,0.91,0.9072,0.9504
0.1395,9,0.028,0.9128,0.91,0.9072,0.9504
0.14,9,0.028,0.9128,0.91,0.9072,0.9504
0.1405,9,0.028,0.9128,0.91,0.9072,0.9504
0.141,9,0.028,0.9128,0.91,0.9072,0.9504
0.1415,9,0.028,0.9128,0.91,0.9072,0.9504
0.142,9,0.028,0.9128,0.91,0.9072,0.9504
0.1425,9,0.028,0.9128,0.91,0.9072,0.9504
0.143,9,0.028,0.9128,0.91,0.9072,0.9504
0.1435,9,0.028,0.9128,0.91,0.9072,0.9504
0.144,9,0.028,0.9128,0.91,0.9072,0.9504
0.1445,9,0.028,0.9128,0.91,0.9072,0.9504
0.145,9,0.028,0.9128,0.91,0.9072,0.9504
0.1455,9,0.028,0.9128,0.91,0.9072,0.9504
0.146,9,0.028,0.9128,0.91,0.9072,0.9504
0.1465,9,0.028,0.9128,0.91,0.9072,0.9504
0.147,9,0.028,0.9128,0.91,0.9072,0.9504
0.1475,9,0.028,0.9128,0.91,0.9072,0.9504
0.148,9,0.028,0.9128,0.91,0.9072,0.9504
0.1485,9,0.028,0.9128,0.91,0.9072,0.9504
0.149,9,0.028,0.9128,0.91,0.9072,0.9504
0.1495,9,0.028,0.9128,0.91,0.9072,0.9504
0.15,9,0.028,0.9128,0.91,0.9072,0.9504
0.1505,9,0.028,0.9128,0.91,0.9072,0.9504
0.151,9,0.028,0.9128,0.91,0.9072,0.9504
0.1515,9,0.028,0.9128,0.91,0.9072,0.9504
0.152,9,0.028,0.9128,0.91,0.9072,0.9504
0.1525,9,0.028,0.9128,0.91,0.9072,0.9504
0.153,9,0.028,0.9128,0.91,0.9072,0.9504
0.1535,9,0.028,0.9128,0.91,0.9072,0.9504
0.154,9,0.028,0.9128,0.91,0.9072,0.9504
0.1545,9,0.028,0.9128,0.91,0.9072,0.9504
0.155,9,0.028,0.9128,0.91,0.9072,0.9504
0.1555,9,0.028,0.9128,0.91,0.9072,0.9504
0.156,9,0.028,0.9128,0.91,0.9072,0.9504
0.1565,9,0.028,0.9128,0.91,0.9072,0.9504
0.157,9,0.028,0.9128,0.91,0.9072,0.9504
0.1575,9,0.028,0.9128,0.91,0.9072,0.9504
0.158,9,0.028,0.9128,0.91,0.9072,0.9504
0.1585,9,0.028,0.9128,0.91,0.9072,0.9504
0.159,9,0.028,0.9128,0.91,0.9072,0.9504
0.1595,9,0.028,0.9128,0.91,0.9072,0.9504
0.16,9,0.028,0.9128,0.91,0.9072,0.9504
0.1605,9,0.028,0.9128,0.91,0.9072,0.9504
0.161,9,0.028,0.9128,0.91,0.9072,0.9504
0.1615,9,0.028,0.9128,0.91,0.9072,0.9504
0.162,9,0.028,0.9128,0.91,0.9072,0.9504
0.1625,9,0.028,0.9128,0.91,0.9072,0.9504
0.163,9,0.028,0.9128,0.91,0.9072,0.9504
0.1635,9,0.028,0.9128,0.91,0.9072,0.9504
0.164,9,0.028,0.9128,0.91,0.9072,0.9504
0.1645,9,0.028,0.9128,0.91,0.9072,0.9504
0.165,9,0.028,0.9128,0.91,0.9072,0.9504
0.1655,9,0.028,0.9128,0.91,0.9072,0.9504
0.166,9,0.028,0.9128,0.91,0.9072,0.9504
0.1665,9,0.028,0.9128,0.91,0.9072,0.9504
0.167,9,0.028,0.9128,0.91,0.9072,0.9504
0.1675,9,0.028,0.9128,0.91,0.9072,0.9504
0.168,9,0.028,0.9128,0.91,0.9072,0.9504
0.1685,9,0.028,0.9128,0.91,0.9072,0.9504
0.169,9,0.028,0.9128,0.91,0.9072,0.9504
0.1695,9,0.028,0.9128,0.91,0.9072,0.9504
0.17,9,0.028,0.9128,0.91,0.9072,0.9504
0.1705,9,0.028,0.9128,0.91,0.9072,0.9504
0.171,9,0.028,0.9128,0.91,0.9072,0.9504
0.1715,9,0.028,0.9128,0.91,0.9072,0.9504
0.172,9,0.028,0.9128,0.91,0.9072,0.9504
0.1725,9,0.028,0.9128,0.91,0.9072,0.9504
0.173,9,0.028,0.9128,0.91,0.9072,0.9504
0.1735,9,0.028,0.9128,0.91,0.9072,0.9504
0.174,9,0.028,0.9128,0.91,0.9072,0.9504
0.1745,9,0.028,0.9128,0.91,0.9072,0.9504
0.175,9,0.028,0.9128,0.91,0.9072,0.9504
0.1755,9,0.028,0.9128,0.91,0.9072,0.9504
0.176,9,0.028,0.9128,0.91,0.9072,0.9504
0.1765,9,0.028,0.9128,0.91,0.9072,0.9504
0.177,9,0.028,0.9128,0.91,0.9072,0.9504
0.1775,9,0.028,0.9128,0.91,0.9072,0.9504
0.178,9,0.028,0.9128,0.91,0.9072,0.9504
0.1785,9,0.028,0.9128,0.91,0.9072,0.9504
0.179,9,0.028,0.9128,0.91,0.9072,0.9504
0.1795,9,0.028,0.9128,0.91,0.9072,0.9504
0.18,9,0.028,0.9128,0.91,0.9072,0.9504
0.1805,9,0.028,0.9128,0.91,0.9072,0.9504
0.181,9,0.028,0.9128,0.91,0.9072,0.9504
0.1815,9,0.028,0.9128,0.91,0.9072,0.9504
0.182,9,0.028,0.9128,0.91,0.9072,0.9504
0.1825,9,0.028,0.9128,0.91,0.9072,0.9504
0.183,9,0.028,0.9128,0.91,0.9072,0.9504
0.1835,9,0.028,0.9128,0.91,0.9072,0.9504
0.184,9,0.028,0.9128,0.91,0.9072,0.9504
0.1845,9,0.028,0.9128,0.91,0.9072,0.9504
0.185,9,0.028,0.9128,0.91,0.9072,0.9504
0.1855,9,0.028,0.9128,0.91,0.9072,0.9504
0.186,9,0.028,0.9128,0.91,0.9072,0.9504
0.1865,9,0.028,0.9128,0.91,0.9072,0.9504
0.187,9,0.028,0.9128,0.91,0.9072,0.9504
0.1875,9,0.028,0.9128,0.91,0.9072,0.9504
0.188,9,0.028,0.9128,0.91,0.9072,0.9504
0.1885,9,0.028,0.9128,0.91,0.9072,0.9504
0.189,9,0.028,0.9128,0.91,0.9072,0.9504
0.1895,9,0.028,0.9128,0.91,0.9072,0.9504
0.19,9,0.028,0.9128,0.91,0.9072,0.9504
0.1905,9,0.028,0.9128,0.91,0.9072,0.9504
0.191,9,0.028,0.9128,0.91,0.9072,0.9504
0.1915,9,0.028,0.9128,0.91,0.9072,0.9504
0.192,9,0.028,0.9128,0.91,0.9072,0.9504
0.1925,9,0.028,0.9128,0.91,0.9072,0.9504
0.193,9,0.028,0.9128,0.91,0.9072,0.9504
0.1935,9,0.028,0.9128,0.91,0.9072,0.9504
0.194,9,0.028,0.9128,0.91,0.9072,0.9504
0.1945,9,0.028,0.9128,0.91,0.9072,0.9504
0.195,9,0.028,0.9128,0.91,0.9072,0.9504
0.1955,9,0.028,0.9128,0.91,0.9072,0.9504
0.196,8,0.0249,0.9128,0.9103,0.9078,0.9504
0.1965,8,0.0249,0.9128,0.9103,0.9078,0.9504
0.197,8,0.0249,0.9128,0.9103,0.9078,0.9504
0.1975,8,0.0249,0.9128,0.9103,0.9078,0.9504
0.198,8,0.0249,0.9128,0.9103,0.9078,0.9504
0.1985,8,0.0249,0.9128,0.9103,0.9078,0.9504
0.199,8,0.0249,0.9128,0.9103,0.9078,0.9504
0.1995,8,0.0249,0.9128,0.9103,0.9078,0.9504
0.2,8,0.0249,0.9128,0.9103,0.9078,0.9504
0.2005,8,0.0249,0.9128,0.9103,0.9078,0.9504
0.201,8,0.0249,0.9128,0.9103,0.9078,0.9504
0.2015,8,0.0249,0.9128,0.9103,0.9078,0.9504
0.202,8,0.0249,0.9128,0.9103,0.9078,0.9504
0.2025,8,0.0249,0.9128,0.9103,0.9078,0.9504
0.203,8,0.0249,0.9128,0.9103,0.9078,0.9504
0.2035,8,0.0249,0.9128,0.9103,0.9078,0.9504
0.204,8,0.0249,0.9128,0.9103,0.9078,0.9504
0.2045,8,0.0249,0.9128,0.9103,0.9078,0.9504
0.205,8,0.0249,0.9128,0.9103,0.9078,0.9504
0.2055,8,0.0249,0.9128,0.9103,0.9078,0.9504
0.206,8,0.0249,0.9128,0.9103,0.9078,0.9504
0.2065,8,0.0249,0.9128,0.9103,0.9078,0.9504
0.207,8,0.0249,0.9128,0.9103,0.9078,0.9504
0.2075,8,0.0249,0.9128,0.9103,0.9078,0.9504
0.208,8,0.0249,0.9128,0.9103,0.9078,0.9504
0.2085,8,0.0249,0.9128,0.9103,0.9078,0.9504
0.209,8,0.0249,0.9128,0.9103,0.9078,0.9504
0.2095,8,0.0249,0.9128,0.9103,0.9078,0.9504
0.21,8,0.0249,0.9128,0.9103,0.9078,0.9504
0.2105,8,0.0249,0.9128,0.9103,0.9078,0.9504
0.211,8,0.0249,0.9128,0.9103,0.9078,0.9504
0.2115,8,0.0249,0.9128,0.9103,0.9078,0.9504
0.212,8,0.0249,0.9128,0.9103,0.9078,0.9504
0.2125,8,0.0249,0.9128,0.9103,0.9078,0.9504
0.213,8,0.0249,0.9128,0.9103,0.9078,0.9504
0.2135,8,0.0249,0.9128,0.9103,0.9078,0.9504
0.214,8,0.0249,0.9128,0.9103,0.9078,0.9504
0.2145,8,0.0249,0.9128,0.9103,0.9078,0.9504
0.215,8,0.0249,0.9128,0.9103,0.9078,0.9504
0.2155,8,0.0249,0.9128,0.9103,0.9078,0.9504
0.216,8,0.0249,0.9128,0.9103,0.9078,0.9504
0.2165,8,0.0249,0.9128,0.9103,0.9078,0.9504
0.217,8,0.0249,0.9128,0.9103,0.9078,0.9504
0.2175,8,0.0249,0.9128,0.9103,0.9078,0.9504
0.218,8,0.0249,0.9128,0.9103,0.9078,0.9504
0.2185,8,0.0249,0.9128,0.9103,0.9078,0.9504
0.219,8,0.0249,0.9128,0.9103,0.9078,0.9504
0.2195,8,0.0249,0.9128,0.9103,0.9078,0.9504
0.22,8,0.0249,0.9128,0.9103,0.9078,0.9504
0.2205,8,0.0249,0.9128,0.9103,0.9078,0.9504
0.221,8,0.0249,0.9128,0.9103,0.9078,0.9504
0.2215,8,0.0249,0.9128,0.9103,0.9078,0.9504
0.222,8,0.0249,0.9128,0.9103,0.9078,0.9504
0.2225,8,0.0249,0.9128,0.9103,0.9078,0.9504
0.223,8,0.0249,0.9128,0.9103,0.9078,0.9504
0.2235,8,0.0249,0.9128,0.9103,0.9078,0.9504
0.224,8,0.0249,0.9128,0.9103,0.9078,0.9504
0.2245,8,0.0249,0.9128,0.9103,0.9078,0.9504
0.225,8,0.0249,0.9128,0.9103,0.9078,0.9504
0.2255,8,0.0249,0.9128,0.9103,0.9078,0.9504
0.226,8,0.0249,0.9128,0.9103,0.9078,0.9504
0.2265,8,0.0249,0.9128,0.9103,0.9078,0.9504
0.227,8,0.0249,0.9128,0.9103,0.9078,0.9504
0.2275,8,0.0249,0.9128,0.9103,0.9078,0.9504
0.228,8,0.0249,0.9128,0.9103,0.9078,0.9504
0.2285,8,0.0249,0.9128,0.9103,0.9078,0.9504
0.229,8,0.0249,0.9128,0.9103,0.9078,0.9504
0.2295,8,0.0249,0.9128,0.9103,0.9078,0.9504
0.23,8,0.0249,0.9128,0.9103,0.9078,0.9504
0.2305,8,0.0249,0.9128,0.9103,0.9078,0.9504
0.231,8,0.0249,0.9128,0.9103,0.9078,0.9504
0.2315,8,0.0249,0.9128,0.9103,0.9078,0.9504
0.232,8,0.0249,0.9128,0.9103,0.9078,0.9504
0.2325,8,0.0249,0.9128,0.9103,0.9078,0.9504
0.233,8,0.0249,0.9128,0.9103,0.9078,0.9504
0.2335,8,0.0249,0.9128,0.9103,0.9078,0.9504
0.234,8,0.0249,0.9128,0.9103,0.9078,0.9504
0.2345,8,0.0249,0.9128,0.9103,0.9078,0.9504
0.235,8,0.0249,0.9128,0.9103,0.9078,0.9504
0.2355,8,0.0249,0.9128,0.9103,0.9078,0.9504
0.236,8,0.0249,0.9128,0.9103,0.9078,0.9504
0.2365,8,0.0249,0.9128,0.9103,0.9078,0.9504
0.237,8,0.0249,0.9128,0.9103,0.9078,0.9504
0.2375,8,0.0249,0.9128,0.9103,0.9078,0.9504
0.238,8,0.0249,0.9128,0.9103,0.9078,0.9504
0.2385,8,0.0249,0.9128,0.9103,0.9078,0.9504
0.239,8,0.0249,0.9128,0.9103,0.9078,0.9504
0.2395,8,0.0249,0.9128,0.9103,0.9078,0.9504
0.24,8,0.0249,0.9128,0.9103,0.9078,0.9504
0.2405,8,0.0249,0.9128,0.9103,0.9078,0.9504
0.241,8,0.0249,0.9128,0.9103,0.9078,0.9504
0.2415,8,0.0249,0.9128,0.9103,0.9078,0.9504
0.242,8,0.0249,0.9128,0.9103,0.9078,0.9504
0.2425,8,0.0249,0.9128,0.9103,0.9078,0.9504
0.243,8,0.0249,0.9128,0.9103,0.9078,0.9504
0.2435,8,0.0249,0.9128,0.9103,0.9078,0.9504
0.244,8,0.0249,0.9128,0.9103,0.9078,0.9504
0.2445,8,0.0249,0.9128,0.9103,0.9078,0.9504
0.245,7,0.0218,0.9128,0.9106,0.9084,0.9504
0.2455,7,0.0218,0.9128,0.9106,0.9084,0.9504
0.246,7,0.0218,0.9128,0.9106,0.9084,0.9504
0.2465,7,0.0218,0.9128,0.9106,0.9084,0.9504
0.247,7,0.0218,0.9128,0.9106,0.9084,0.9504
0.2475,7,0.0218,0.9128,0.9106,0.9084,0.9504
0.248,7,0.0218,0.9128,0.9106,0.9084,0.9504
0.2485,7,0.0218,0.9128,0.9106,0.9084,0.9504
0.249,7,0.0218,0.9128,0.9106,0.9084,0.9504
0.2495,7,0.0218,0.9128,0.9106,0.9084,0.9504
0.25,7,0.0218,0.9128,0.9106,0.9084,0.9504
0.2505,7,0.0218,0.9128,0.9106,0.9084,0.9504
0.251,7,0.0218,0.9128,0.9106,0.9084,0.9504
0.2515,7,0.0218,0.9128,0.9106,0.9084,0.9504
0.252,7,0.0218,0.9128,0.9106,0.9084,0.9504
0.2525,7,0.0218,0.9128,0.9106,0.9084,0.9504
0.253,7,0.0218,0.9128,0.9106,0.9084,0.9504
0.2535,7,0.0218,0.9128,0.9106,0.9084,0.9504
0.254,7,0.0218,0.9128,0.9106,0.9084,0.9504
0.2545,7,0.0218,0.9128,0.9106,0.9084,0.9504
0.255,7,0.0218,0.9128,0.9106,0.9084,0.9504
0.2555,7,0.0218,0.9128,0.9106,0.9084,0.9504
0.256,7,0.0218,0.9128,0.9106,0.9084,0.9504
0.2565,7,0.0218,0.9128,0.9106,0.9084,0.9504
0.257,7,0.0218,0.9128,0.9106,0.9084,0.9504
0.2575,7,0.0218,0.9128,0.9106,0.9084,0.9504
0.258,7,0.0218,0.9128,0.9106,0.9084,0.9504
0.2585,7,0.0218,0.9128,0.9106,0.9084,0.9504
0.259,7,0.0218,0.9128,0.9106,0.9084,0.9504
0.2595,7,0.0218,0.9128,0.9106,0.9084,0.9504
0.26,7,0.0218,0.9128,0.9106,0.9084,0.9504
0.2605,7,0.0218,0.9128,0.9106,0.9084,0.9504
0.261,7,0.0218,0.9128,0.9106,0.9084,0.9504
0.2615,7,0.0218,0.9128,0.9106,0.9084,0.9504
0.262,7,0.0218,0.9128,0.9106,0.9084,0.9504
0.2625,7,0.0218,0.9128,0.9106,0.9084,0.9504
0.263,7,0.0218,0.9128,0.9106,0.9084,0.9504
0.2635,7,0.0218,0.9128,0.9106,0.9084,0.9504
0.264,7,0.0218,0.9128,0.9106,0.9084,0.9504
0.2645,7,0.0218,0.9128,0.9106,0.9084,0.9504
0.265,7,0.0218,0.9128,0.9106,0.9084,0.9504
0.2655,7,0.0218,0.9128,0.9106,0.9084,0.9504
0.266,7,0.0218,0.9128,0.9106,0.9084,0.9504
0.2665,7,0.0218,0.9128,0.9106,0.9084,0.9504
0.267,7,0.0218,0.9128,0.9106,0.9084,0.9504
0.2675,7,0.0218,0.9128,0.9106,0.9084,0.9504
0.268,7,0.0218,0.9128,0.9106,0.9084,0.9504
0.2685,7,0.0218,0.9128,0.9106,0.9084,0.9504
0.269,7,0.0218,0.9128,0.9106,0.9084,0.9504
0.2695,7,0.0218,0.9128,0.9106,0.9084,0.9504
0.27,7,0.0218,0.9128,0.9106,0.9084,0.9504
0.2705,7,0.0218,0.9128,0.9106,0.9084,0.9504
0.271,7,0.0218,0.9128,0.9106,0.9084,0.9504
0.2715,7,0.0218,0.9128,0.9106,0.9084,0.9504
0.272,7,0.0218,0.9128,0.9106,0.9084,0.9504
0.2725,7,0.0218,0.9128,0.9106,0.9084,0.9504
0.273,7,0.0218,0.9128,0.9106,0.9084,0.9504
0.2735,7,0.0218,0.9128,0.9106,0.9084,0.9504
0.274,7,0.0218,0.9128,0.9106,0.9084,0.9504
0.2745,7,0.0218,0.9128,0.9106,0.9084,0.9504
0.275,7,0.0218,0.9128,0.9106,0.9084,0.9504
0.2755,7,0.0218,0.9128,0.9106,0.9084,0.9504
0.276,7,0.0218,0.9128,0.9106,0.9084,0.9504
0.2765,7,0.0218,0.9128,0.9106,0.9084,0.9504
0.277,7,0.0218,0.9128,0.9106,0.9084,0.9504
0.2775,7,0.0218,0.9128,0.9106,0.9084,0.9504
0.278,7,0.0218,0.9128,0.9106,0.9084,0.9504
0.2785,7,0.0218,0.9128,0.9106,0.9084,0.9504
0.279,7,0.0218,0.9128,0.9106,0.9084,0.9504
0.2795,7,0.0218,0.9128,0.9106,0.9084,0.9504
0.28,7,0.0218,0.9128,0.9106,0.9084,0.9504
0.2805,7,0.0218,0.9128,0.9106,0.9084,0.9504
0.281,7,0.0218,0.9128,0.9106,0.9084,0.9504
0.2815,7,0.0218,0.9128,0.9106,0.9084,0.9504
0.282,7,0.0218,0.9128,0.9106,0.9084,0.9504
0.2825,7,0.0218,0.9128,0.9106,0.9084,0.9504
0.283,7,0.0218,0.9128,0.9106,0.9084,0.9504
0.2835,7,0.0218,0.9128,0.9106,0.9084,0.9504
0.284,7,0.0218,0.9128,0.9106,0.9084,0.9504
0.2845,7,0.0218,0.9128,0.9106,0.9084,0.9504
0.285,7,0.0218,0.9128,0.9106,0.9084,0.9504
0.2855,7,0.0218,0.9128,0.9106,0.9084,0.9504
0.286,7,0.0218,0.9128,0.9106,0.9084,0.9504
0.2865,7,0.0218,0.9128,0.9106,0.9084,0.9504
0.287,7,0.0218,0.9128,0.9106,0.9084,0.9504
0.2875,7,0.0218,0.9128,0.9106,0.9084,0.9504
0.288,7,0.0218,0.9128,0.9106,0.9084,0.9504
0.2885,7,0.0218,0.9128,0.9106,0.9084,0.9504
0.289,7,0.0218,0.9128,0.9106,0.9084,0.9504
0.2895,7,0.0218,0.9128,0.9106,0.9084,0.9504
0.29,7,0.0218,0.9128,0.9106,0.9084,0.9504
0.2905,7,0.0218,0.9128,0.9106,0.9084,0.9504
0.291,7,0.0218,0.9128,0.9106,0.9084,0.9504
0.2915,7,0.0218,0.9128,0.9106,0.9084,0.9504
0.292,7,0.0218,0.9128,0.9106,0.9084,0.9504
0.2925,7,0.0218,0.9128,0.9106,0.9084,0.9504
0.293,7,0.0218,0.9128,0.9106,0.9084,0.9504
0.2935,7,0.0218,0.9128,0.9106,0.9084,0.9504
0.294,7,0.0218,0.9128,0.9106,0.9084,0.9504
0.2945,7,0.0218,0.9128,0.9106,0.9084,0.9504
0.295,7,0.0218,0.9128,0.9106,0.9084,0.9504
0.2955,7,0.0218,0.9128,0.9106,0.9084,0.9504
0.296,7,0.0218,0.9128,0.9106,0.9084,0.9504
0.2965,7,0.0218,0.9128,0.9106,0.9084,0.9504
0.297,7,0.0218,0.9128,0.9106,0.9084,0.9504
0.2975,7,0.0218,0.9128,0.9106,0.9084,0.9504
0.298,7,0.0218,0.9128,0.9106,0.9084,0.9504
0.2985,7,0.0218,0.9128,0.9106,0.9084,0.9504
0.299,7,0.0218,0.9128,0.9106,0.9084,0.9504
0.2995,7,0.0218,0.9128,0.9106,0.9084,0.9504
0.3,7,0.0218,0.9128,0.9106,0.9084,0.9504
0.3005,7,0.0218,0.9128,0.9106,0.9084,0.9504
0.301,7,0.0218,0.9128,0.9106,0.9084,0.9504
0.3015,7,0.0218,0.9128,0.9106,0.9084,0.9504
0.302,7,0.0218,0.9128,0.9106,0.9084,0.9504
0.3025,7,0.0218,0.9128,0.9106,0.9084,0.9504
0.303,7,0.0218,0.9128,0.9106,0.9084,0.9504
0.3035,7,0.0218,0.9128,0.9106,0.9084,0.9504
0.304,7,0.0218,0.9128,0.9106,0.9084,0.9504
0.3045,7,0.0218,0.9128,0.9106,0.9084,0.9504
0.305,7,0.0218,0.9128,0.9106,0.9084,0.9504
0.3055,7,0.0218,0.9128,0.9106,0.9084,0.9504
0.306,7,0.0218,0.9128,0.9106,0.9084,0.9504
0.3065,7,0.0218,0.9128,0.9106,0.9084,0.9504
0.307,7,0.0218,0.9128,0.9106,0.9084,0.9504
0.3075,7,0.0218,0.9128,0.9106,0.9084,0.9504
0.308,7,0.0218,0.9128,0.9106,0.9084,0.9504
0.3085,7,0.0218,0.9128,0.9106,0.9084,0.9504
0.309,7,0.0218,0.9128,0.9106,0.9084,0.9504
0.3095,7,0.0218,0.9128,0.9106,0.9084,0.9504
0.31,7,0.0218,0.9128,0.9106,0.9084,0.9504
0.3105,7,0.0218,0.9128,0.9106,0.9084,0.9504
0.311,7,0.0218,0.9128,0.9106,0.9084,0.9504
0.3115,7,0.0218,0.9128,0.9106,0.9084,0.9504
0.312,7,0.0218,0.9128,0.9106,0.9084,0.9504
0.3125,7,0.0218,0.9128,0.9106,0.9084,0.9504
0.313,7,0.0218,0.9128,0.9106,0.9084,0.9504
0.3135,7,0.0218,0.9128,0.9106,0.9084,0.9504
0.314,7,0.0218,0.9128,0.9106,0.9084,0.9504
0.3145,7,0.0218,0.9128,0.9106,0.9084,0.9504
0.315,7,0.0218,0.9128,0.9106,0.9084,0.9504
0.3155,7,0.0218,0.9128,0.9106,0.9084,0.9504
0.316,7,0.0218,0.9128,0.9106,0.9084,0.9504
0.3165,7,0.0218,0.9128,0.9106,0.9084,0.9504
0.317,7,0.0218,0.9128,0.9106,0.9084,0.9504
0.3175,7,0.0218,0.9128,0.9106,0.9084,0.9504
0.318,7,0.0218,0.9128,0.9106,0.9084,0.9504
0.3185,7,0.0218,0.9128,0.9106,0.9084,0.9504
0.319,7,0.0218,0.9128,0.9106,0.9084,0.9504
0.3195,7,0.0218,0.9128,0.9106,0.9084,0.9504
0.32,7,0.0218,0.9128,0.9106,0.9084,0.9504
0.3205,7,0.0218,0.9128,0.9106,0.9084,0.9504
0.321,7,0.0218,0.9128,0.9106,0.9084,0.9504
0.3215,7,0.0218,0.9128,0.9106,0.9084,0.9504
0.322,7,0.0218,0.9128,0.9106,0.9084,0.9504
0.3225,7,0.0218,0.9128,0.9106,0.9084,0.9504
0.323,7,0.0218,0.9128,0.9106,0.9084,0.9504
0.3235,7,0.0218,0.9128,0.9106,0.9084,0.9504
0.324,7,0.0218,0.9128,0.9106,0.9084,0.9504
0.3245,7,0.0218,0.9128,0.9106,0.9084,0.9504
0.325,7,0.0218,0.9128,0.9106,0.9084,0.9504
0.3255,7,0.0218,0.9128,0.9106,0.9084,0.9504
0.326,7,0.0218,0.9128,0.9106,0.9084,0.9504
0.3265,7,0.0218,0.9128,0.9106,0.9084,0.9504
0.327,7,0.0218,0.9128,0.9106,0.9084,0.9504
0.3275,7,0.0218,0.9128,0.9106,0.9084,0.9504
0.328,7,0.0218,0.9128,0.9106,0.9084,0.9504
0.3285,7,0.0218,0.9128,0.9106,0.9084,0.9504
0.329,7,0.0218,0.9128,0.9106,0.9084,0.9504
0.3295,7,0.0218,0.9128,0.9106,0.9084,0.9504
0.33,7,0.0218,0.9128,0.9106,0.9084,0.9504
0.3305,7,0.0218,0.9128,0.9106,0.9084,0.9504
0.331,7,0.0218,0.9128,0.9106,0.9084,0.9504
0.3315,7,0.0218,0.9128,0.9106,0.9084,0.9504
0.332,7,0.0218,0.9128,0.9106,0.9084,0.9504
0.3325,7,0.0218,0.9128,0.9106,0.9084,0.9504
0.333,7,0.0218,0.9128,0.9106,0.9084,0.9504
0.3335,7,0.0218,0.9128,0.9106,0.9084,0.9504
0.334,7,0.0218,0.9128,0.9106,0.9084,0.9504
0.3345,7,0.0218,0.9128,0.9106,0.9084,0.9504
0.335,7,0.0218,0.9128,0.9106,0.9084,0.9504
0.3355,7,0.0218,0.9128,0.9106,0.9084,0.9504
0.336,7,0.0218,0.9128,0.9106,0.9084,0.9504
0.3365,7,0.0218,0.9128,0.9106,0.9084,0.9504
0.337,7,0.0218,0.9128,0.9106,0.9084,0.9504
0.3375,7,0.0218,0.9128,0.9106,0.9084,0.9504
0.338,7,0.0218,0.9128,0.9106,0.9084,0.9504
0.3385,7,0.0218,0.9128,0.9106,0.9084,0.9504
0.339,7,0.0218,0.9128,0.9106,0.9084,0.9504
0.3395,7,0.0218,0.9128,0.9106,0.9084,0.9504
0.34,7,0.0218,0.9128,0.9106,0.9084,0.9504
0.3405,7,0.0218,0.9128,0.9106,0.9084,0.9504
0.341,7,0.0218,0.9128,0.9106,0.9084,0.9504
0.3415,7,0.0218,0.9128,0.9106,0.9084,0.9504
0.342,7,0.0218,0.9128,0.9106,0.9084,0.9504
0.3425,7,0.0218,0.9128,0.9106,0.9084,0.9504
0.343,7,0.0218,0.9128,0.9106,0.9084,0.9504
0.3435,7,0.0218,0.9128,0.9106,0.9084,0.9504
0.344,6,0.0187,0.9128,0.9109,0.909,0.9504
0.3445,6,0.0187,0.9128,0.9109,0.909,0.9504
0.345,6,0.0187,0.9128,0.9109,0.909,0.9504
0.3455,6,0.0187,0.9128,0.9109,0.909,0.9504
0.346,6,0.0187,0.9128,0.9109,0.909,0.9504
0.3465,6,0.0187,0.9128,0.9109,0.909,0.9504
0.347,6,0.0187,0.9128,0.9109,0.909,0.9504
0.3475,6,0.0187,0.9128,0.9109,0.909,0.9504
0.348,6,0.0187,0.9128,0.9109,0.909,0.9504
0.3485,6,0.0187,0.9128,0.9109,0.909,0.9504
0.349,6,0.0187,0.9128,0.9109,0.909,0.9504
0.3495,6,0.0187,0.9128,0.9109,0.909,0.9504
0.35,6,0.0187,0.9128,0.9109,0.909,0.9504
0.3505,6,0.0187,0.9128,0.9109,0.909,0.9504
0.351,6,0.0187,0.9128,0.9109,0.909,0.9504
0.3515,6,0.0187,0.9128,0.9109,0.909,0.9504
0.352,6,0.0187,0.9128,0.9109,0.909,0.9504
0.3525,6,0.0187,0.9128,0.9109,0.909,0.9504
0.353,6,0.0187,0.9128,0.9109,0.909,0.9504
0.3535,6,0.0187,0.9128,0.9109,0.909,0.9504
0.354,6,0.0187,0.9128,0.9109,0.909,0.9504
0.3545,6,0.0187,0.9128,0.9109,0.909,0.9504
0.355,6,0.0187,0.9128,0.9109,0.909,0.9504
0.3555,6,0.0187,0.9128,0.9109,0.909,0.9504
0.356,6,0.0187,0.9128,0.9109,0.909,0.9504
0.3565,6,0.0187,0.9128,0.9109,0.909,0.9504
0.357,6,0.0187,0.9128,0.9109,0.909,0.9504
0.3575,6,0.0187,0.9128,0.9109,0.909,0.9504
0.358,6,0.0187,0.9128,0.9109,0.909,0.9504
0.3585,6,0.0187,0.9128,0.9109,0.909,0.9504
0.359,6,0.0187,0.9128,0.9109,0.909,0.9504
0.3595,6,0.0187,0.9128,0.9109,0.909,0.9504
0.36,6,0.0187,0.9128,0.9109,0.909,0.9504
0.3605,6,0.0187,0.9128,0.9109,0.909,0.9504
0.361,6,0.0187,0.9128,0.9109,0.909,0.9504
0.3615,6,0.0187,0.9128,0.9109,0.909,0.9504
0.362,6,0.0187,0.9128,0.9109,0.909,0.9504
0.3625,6,0.0187,0.9128,0.9109,0.909,0.9504
0.363,6,0.0187,0.9128,0.9109,0.909,0.9504
0.3635,6,0.0187,0.9128,0.9109,0.909,0.9504
0.364,6,0.0187,0.9128,0.9109,0.909,0.9504
0.3645,6,0.0187,0.9128,0.9109,0.909,0.9504
0.365,6,0.0187,0.9128,0.9109,0.909,0.9504
0.3655,6,0.0187,0.9128,0.9109,0.909,0.9504
0.366,6,0.0187,0.9128,0.9109,0.909,0.9504
0.3665,6,0.0187,0.9128,0.9109,0.909,0.9504
0.367,6,0.0187,0.9128,0.9109,0.909,0.9504
0.3675,6,0.0187,0.9128,0.9109,0.909,0.9504
0.368,6,0.0187,0.9128,0.9109,0.909,0.9504
0.3685,6,0.0187,0.9128,0.9109,0.909,0.9504
0.369,6,0.0187,0.9128,0.9109,0.909,0.9504
0.3695,6,0.0187,0.9128,0.9109,0.909,0.9504
0.37,6,0.0187,0.9128,0.9109,0.909,0.9504
0.3705,6,0.0187,0.9128,0.9109,0.909,0.9504
0.371,6,0.0187,0.9128,0.9109,0.909,0.9504
0.3715,6,0.0187,0.9128,0.9109,0.909,0.9504
0.372,6,0.0187,0.9128,0.9109,0.909,0.9504
0.3725,6,0.0187,0.9128,0.9109,0.909,0.9504
0.373,6,0.0187,0.9128,0.9109,0.909,0.9504
0.3735,6,0.0187,0.9128,0.9109,0.909,0.9504
0.374,6,0.0187,0.9128,0.9109,0.909,0.9504
0.3745,6,0.0187,0.9128,0.9109,0.909,0.9504
0.375,6,0.0187,0.9128,0.9109,0.909,0.9504
0.3755,6,0.0187,0.9128,0.9109,0.909,0.9504
0.376,6,0.0187,0.9128,0.9109,0.909,0.9504
0.3765,6,0.0187,0.9128,0.9109,0.909,0.9504
0.377,6,0.0187,0.9128,0.9109,0.909,0.9504
0.3775,6,0.0187,0.9128,0.9109,0.909,0.9504
0.378,6,0.0187,0.9128,0.9109,0.909,0.9504
0.3785,6,0.0187,0.9128,0.9109,0.909,0.9504
0.379,6,0.0187,0.9128,0.9109,0.909,0.9504
0.3795,6,0.0187,0.9128,0.9109,0.909,0.9504
0.38,6,0.0187,0.9128,0.9109,0.909,0.9504
0.3805,6,0.0187,0.9128,0.9109,0.909,0.9504
0.381,6,0.0187,0.9128,0.9109,0.909,0.9504
0.3815,6,0.0187,0.9128,0.9109,0.909,0.9504
0.382,6,0.0187,0.9128,0.9109,0.909,0.9504
0.3825,6,0.0187,0.9128,0.9109,0.909,0.9504
0.383,6,0.0187,0.9128,0.9109,0.909,0.9504
0.3835,6,0.0187,0.9128,0.9109,0.909,0.9504
0.384,6,0.0187,0.9128,0.9109,0.909,0.9504
0.3845,6,0.0187,0.9128,0.9109,0.909,0.9504
0.385,6,0.0187,0.9128,0.9109,0.909,0.9504
0.3855,6,0.0187,0.9128,0.9109,0.909,0.9504
0.386,6,0.0187,0.9128,0.9109,0.909,0.9504
0.3865,6,0.0187,0.9128,0.9109,0.909,0.9504
0.387,6,0.0187,0.9128,0.9109,0.909,0.9504
0.3875,6,0.0187,0.9128,0.9109,0.909,0.9504
0.388,6,0.0187,0.9128,0.9109,0.909,0.9504
0.3885,6,0.0187,0.9128,0.9109,0.909,0.9504
0.389,6,0.0187,0.9128,0.9109,0.909,0.9504
0.3895,6,0.0187,0.9128,0.9109,0.909,0.9504
0.39,6,0.0187,0.9128,0.9109,0.909,0.9504
0.3905,6,0.0187,0.9128,0.9109,0.909,0.9504
0.391,6,0.0187,0.9128,0.9109,0.909,0.9504
0.3915,6,0.0187,0.9128,0.9109,0.909,0.9504
0.392,6,0.0187,0.9128,0.9109,0.909,0.9504
0.3925,6,0.0187,0.9128,0.9109,0.909,0.9504
0.393,6,0.0187,0.9128,0.9109,0.909,0.9504
0.3935,6,0.0187,0.9128,0.9109,0.909,0.9504
0.394,6,0.0187,0.9128,0.9109,0.909,0.9504
0.3945,6,0.0187,0.9128,0.9109,0.909,0.9504
0.395,6,0.0187,0.9128,0.9109,0.909,0.9504
0.3955,6,0.0187,0.9128,0.9109,0.909,0.9504
0.396,6,0.0187,0.9128,0.9109,0.909,0.9504
0.3965,6,0.0187,0.9128,0.9109,0.909,0.9504
0.397,6,0.0187,0.9128,0.9109,0.909,0.9504
0.3975,6,0.0187,0.9128,0.9109,0.909,0.9504
0.398,6,0.0187,0.9128,0.9109,0.909,0.9504
0.3985,6,0.0187,0.9128,0.9109,0.909,0.9504
0.399,6,0.0187,0.9128,0.9109,0.909,0.9504
0.3995,6,0.0187,0.9128,0.9109,0.909,0.9504
0.4,6,0.0187,0.9128,0.9109,0.909,0.9504
0.4005,6,0.0187,0.9128,0.9109,0.909,0.9504
0.401,6,0.0187,0.9128,0.9109,0.909,0.9504
0.4015,6,0.0187,0.9128,0.9109,0.909,0.9504
0.402,6,0.0187,0.9128,0.9109,0.909,0.9504
0.4025,6,0.0187,0.9128,0.9109,0.909,0.9504
0.403,6,0.0187,0.9128,0.9109,0.909,0.9504
0.4035,6,0.0187,0.9128,0.9109,0.909,0.9504
0.404,6,0.0187,0.9128,0.9109,0.909,0.9504
0.4045,6,0.0187,0.9128,0.9109,0.909,0.9504
0.405,6,0.0187,0.9128,0.9109,0.909,0.9504
0.4055,6,0.0187,0.9128,0.9109,0.909,0.9504
0.406,6,0.0187,0.9128,0.9109,0.909,0.9504
0.4065,6,0.0187,0.9128,0.9109,0.909,0.9504
0.407,6,0.0187,0.9128,0.9109,0.909,0.9504
0.4075,5,0.0156,0.9097,0.9081,0.9065,0.949
0.408,5,0.0156,0.9097,0.9081,0.9065,0.949
0.4085,5,0.0156,0.9097,0.9081,0.9065,0.949
0.409,5,0.0156,0.9097,0.9081,0.9065,0.949
0.4095,5,0.0156,0.9097,0.9081,0.9065,0.949
0.41,5,0.0156,0.9097,0.9081,0.9065,0.949
0.4105,5,0.0156,0.9097,0.9081,0.9065,0.949
0.411,5,0.0156,0.9097,0.9081,0.9065,0.949
0.4115,5,0.0156,0.9097,0.9081,0.9065,0.949
0.412,5,0.0156,0.9097,0.9081,0.9065,0.949
0.4125,5,0.0156,0.9097,0.9081,0.9065,0.949
0.413,5,0.0156,0.9097,0.9081,0.9065,0.949
0.4135,5,0.0156,0.9097,0.9081,0.9065,0.949
0.414,5,0.0156,0.9097,0.9081,0.9065,0.949
0.4145,5,0.0156,0.9097,0.9081,0.9065,0.949
0.415,5,0.0156,0.9097,0.9081,0.9065,0.949
0.4155,5,0.0156,0.9097,0.9081,0.9065,0.949
0.416,5,0.0156,0.9097,0.9081,0.9065,0.949
0.4165,5,0.0156,0.9097,0.9081,0.9065,0.949
0.417,5,0.0156,0.9097,0.9081,0.9065,0.949
0.4175,5,0.0156,0.9097,0.9081,0.9065,0.949
0.418,5,0.0156,0.9097,0.9081,0.9065,0.949
0.4185,5,0.0156,0.9097,0.9081,0.9065,0.949
0.419,5,0.0156,0.9097,0.9081,0.9065,0.949
0.4195,5,0.0156,0.9097,0.9081,0.9065,0.949
0.42,5,0.0156,0.9097,0.9081,0.9065,0.949
0.4205,5,0.0156,0.9097,0.9081,0.9065,0.949
0.421,5,0.0156,0.9097,0.9081,0.9065,0.949
0.4215,5,0.0156,0.9097,0.9081,0.9065,0.949
0.422,5,0.0156,0.9097,0.9081,0.9065,0.949
0.4225,5,0.0156,0.9097,0.9081,0.9065,0.949
0.423,5,0.0156,0.9097,0.9081,0.9065,0.949
0.4235,5,0.0156,0.9097,0.9081,0.9065,0.949
0.424,5,0.0156,0.9097,0.9081,0.9065,0.949
0.4245,5,0.0156,0.9097,0.9081,0.9065,0.949
0.425,5,0.0156,0.9097,0.9081,0.9065,0.949
0.4255,5,0.0156,0.9097,0.9081,0.9065,0.949
0.426,5,0.0156,0.9097,0.9081,0.9065,0.949
0.4265,5,0.0156,0.9097,0.9081,0.9065,0.949
0.427,5,0.0156,0.9097,0.9081,0.9065,0.949
0.4275,5,0.0156,0.9097,0.9081,0.9065,0.949
0.428,5,0.0156,0.9097,0.9081,0.9065,0.949
0.4285,5,0.0156,0.9097,0.9081,0.9065,0.949
0.429,5,0.0156,0.9097,0.9081,0.9065,0.949
0.4295,5,0.0156,0.9097,0.9081,0.9065,0.949
0.43,5,0.0156,0.9097,0.9081,0.9065,0.949
0.4305,5,0.0156,0.9097,0.9081,0.9065,0.949
0.431,5,0.0156,0.9097,0.9081,0.9065,0.949
0.4315,5,0.0156,0.9097,0.9081,0.9065,0.949
0.432,5,0.0156,0.9097,0.9081,0.9065,0.949
0.4325,5,0.0156,0.9097,0.9081,0.9065,0.949
0.433,5,0.0156,0.9097,0.9081,0.9065,0.949
0.4335,5,0.0156,0.9097,0.9081,0.9065,0.949
0.434,5,0.0156,0.9097,0.9081,0.9065,0.949
0.4345,5,0.0156,0.9097,0.9081,0.9065,0.949
0.435,5,0.0156,0.9097,0.9081,0.9065,0.949
0.4355,5,0.0156,0.9097,0.9081,0.9065,0.949
0.436,5,0.0156,0.9097,0.9081,0.9065,0.949
0.4365,5,0.0156,0.9097,0.9081,0.9065,0.949
0.437,5,0.0156,0.9097,0.9081,0.9065,0.949
0.4375,4,0.0125,0.9097,0.9084,0.9072,0.949
0.438,4,0.0125,0.9097,0.9084,0.9072,0.949
0.4385,4,0.0125,0.9097,0.9084,0.9072,0.949
0.439,4,0.0125,0.9097,0.9084,0.9072,0.949
0.4395,4,0.0125,0.9097,0.9084,0.9072,0.949
0.44,4,0.0125,0.9097,0.9084,0.9072,0.949
0.4405,4,0.0125,0.9097,0.9084,0.9072,0.949
0.441,4,0.0125,0.9097,0.9084,0.9072,0.949
0.4415,4,0.0125,0.9097,0.9084,0.9072,0.949
0.442,3,0.0093,0.9097,0.9087,0.9078,0.949
0.4425,3,0.0093,0.9097,0.9087,0.9078,0.949
0.443,3,0.0093,0.9097,0.9087,0.9078,0.949
0.4435,3,0.0093,0.9097,0.9087,0.9078,0.949
0.444,3,0.0093,0.9097,0.9087,0.9078,0.949
0.4445,3,0.0093,0.9097,0.9087,0.9078,0.949
0.445,3,0.0093,0.9097,0.9087,0.9078,0.949
0.4455,3,0.0093,0.9097,0.9087,0.9078,0.949
0.446,3,0.0093,0.9097,0.9087,0.9078,0.949
0.4465,3,0.0093,0.9097,0.9087,0.9078,0.949
0.447,3,0.0093,0.9097,0.9087,0.9078,0.949
0.4475,3,0.0093,0.9097,0.9087,0.9078,0.949
0.448,3,0.0093,0.9097,0.9087,0.9078,0.949
0.4485,3,0.0093,0.9097,0.9087,0.9078,0.949
0.449,3,0.0093,0.9097,0.9087,0.9078,0.949
0.4495,3,0.0093,0.9097,0.9087,0.9078,0.949
0.45,3,0.0093,0.9097,0.9087,0.9078,0.949
0.4505,3,0.0093,0.9097,0.9087,0.9078,0.949
0.451,3,0.0093,0.9097,0.9087,0.9078,0.949
0.4515,3,0.0093,0.9097,0.9087,0.9078,0.949
0.452,3,0.0093,0.9097,0.9087,0.9078,0.949
0.4525,3,0.0093,0.9097,0.9087,0.9078,0.949
0.453,3,0.0093,0.9097,0.9087,0.9078,0.949
0.4535,3,0.0093,0.9097,0.9087,0.9078,0.949
0.454,3,0.0093,0.9097,0.9087,0.9078,0.949
0.4545,3,0.0093,0.9097,0.9087,0.9078,0.949
0.455,3,0.0093,0.9097,0.9087,0.9078,0.949
0.4555,3,0.0093,0.9097,0.9087,0.9078,0.949
0.456,3,0.0093,0.9097,0.9087,0.9078,0.949
0.4565,3,0.0093,0.9097,0.9087,0.9078,0.949
0.457,3,0.0093,0.9097,0.9087,0.9078,0.949
0.4575,3,0.0093,0.9097,0.9087,0.9078,0.949
0.458,3,0.0093,0.9097,0.9087,0.9078,0.949
0.4585,3,0.0093,0.9097,0.9087,0.9078,0.949
0.459,3,0.0093,0.9097,0.9087,0.9078,0.949
0.4595,3,0.0093,0.9097,0.9087,0.9078,0.949
0.46,3,0.0093,0.9097,0.9087,0.9078,0.949
0.4605,3,0.0093,0.9097,0.9087,0.9078,0.949
0.461,3,0.0093,0.9097,0.9087,0.9078,0.949
0.4615,3,0.0093,0.9097,0.9087,0.9078,0.949
0.462,3,0.0093,0.9097,0.9087,0.9078,0.949
0.4625,3,0.0093,0.9097,0.9087,0.9078,0.949
0.463,3,0.0093,0.9097,0.9087,0.9078,0.949
0.4635,3,0.0093,0.9097,0.9087,0.9078,0.949
0.464,3,0.0093,0.9097,0.9087,0.9078,0.949
0.4645,3,0.0093,0.9097,0.9087,0.9078,0.949
0.465,3,0.0093,0.9097,0.9087,0.9078,0.949
0.4655,3,0.0093,0.9097,0.9087,0.9078,0.949
0.466,3,0.0093,0.9097,0.9087,0.9078,0.949
0.4665,3,0.0093,0.9097,0.9087,0.9078,0.949
0.467,3,0.0093,0.9097,0.9087,0.9078,0.949
0.4675,3,0.0093,0.9097,0.9087,0.9078,0.949
0.468,3,0.0093,0.9097,0.9087,0.9078,0.949
0.4685,3,0.0093,0.9097,0.9087,0.9078,0.949
0.469,3,0.0093,0.9097,0.9087,0.9078,0.949
0.4695,3,0.0093,0.9097,0.9087,0.9078,0.949
0.47,3,0.0093,0.9097,0.9087,0.9078,0.949
0.4705,3,0.0093,0.9097,0.9087,0.9078,0.949
0.471,3,0.0093,0.9097,0.9087,0.9078,0.949
0.4715,3,0.0093,0.9097,0.9087,0.9078,0.949
0.472,3,0.0093,0.9097,0.9087,0.9078,0.949
0.4725,3,0.0093,0.9097,0.9087,0.9078,0.949
0.473,3,0.0093,0.9097,0.9087,0.9078,0.949
0.4735,3,0.0093,0.9097,0.9087,0.9078,0.949
0.474,3,0.0093,0.9097,0.9087,0.9078,0.949
0.4745,3,0.0093,0.9097,0.9087,0.9078,0.949
0.475,3,0.0093,0.9097,0.9087,0.9078,0.949
0.4755,3,0.0093,0.9097,0.9087,0.9078,0.949
0.476,3,0.0093,0.9097,0.9087,0.9078,0.949
0.4765,3,0.0093,0.9097,0.9087,0.9078,0.949
0.477,3,0.0093,0.9097,0.9087,0.9078,0.949
0.4775,3,0.0093,0.9097,0.9087,0.9078,0.949
0.478,3,0.0093,0.9097,0.9087,0.9078,0.949
0.4785,3,0.0093,0.9097,0.9087,0.9078,0.949
0.479,3,0.0093,0.9097,0.9087,0.9078,0.949
0.4795,3,0.0093,0.9097,0.9087,0.9078,0.949
0.48,3,0.0093,0.9097,0.9087,0.9078,0.949
0.4805,3,0.0093,0.9097,0.9087,0.9078,0.949
0.481,3,0.0093,0.9097,0.9087,0.9078,0.949
0.4815,3,0.0093,0.9097,0.9087,0.9078,0.949
0.482,3,0.0093,0.9097,0.9087,0.9078,0.949
0.4825,3,0.0093,0.9097,0.9087,0.9078,0.949
0.483,3,0.0093,0.9097,0.9087,0.9078,0.949
0.4835,3,0.0093,0.9097,0.9087,0.9078,0.949
0.484,3,0.0093,0.9097,0.9087,0.9078,0.949
0.4845,3,0.0093,0.9097,0.9087,0.9078,0.949
0.485,3,0.0093,0.9097,0.9087,0.9078,0.949
0.4855,3,0.0093,0.9097,0.9087,0.9078,0.949
0.486,3,0.0093,0.9097,0.9087,0.9078,0.949
0.4865,3,0.0093,0.9097,0.9087,0.9078,0.949
0.487,3,0.0093,0.9097,0.9087,0.9078,0.949
0.4875,3,0.0093,0.9097,0.9087,0.9078,0.949
0.488,3,0.0093,0.9097,0.9087,0.9078,0.949
0.4885,3,0.0093,0.9097,0.9087,0.9078,0.949
0.489,3,0.0093,0.9097,0.9087,0.9078,0.949
0.4895,3,0.0093,0.9097,0.9087,0.9078,0.949
0.49,3,0.0093,0.9097,0.9087,0.9078,0.949
0.4905,3,0.0093,0.9097,0.9087,0.9078,0.949
0.491,3,0.0093,0.9097,0.9087,0.9078,0.949
0.4915,3,0.0093,0.9097,0.9087,0.9078,0.949
0.492,3,0.0093,0.9097,0.9087,0.9078,0.949
0.4925,3,0.0093,0.9097,0.9087,0.9078,0.949
0.493,3,0.0093,0.9097,0.9087,0.9078,0.949
0.4935,3,0.0093,0.9097,0.9087,0.9078,0.949
0.494,3,0.0093,0.9097,0.9087,0.9078,0.949
0.4945,3,0.0093,0.9097,0.9087,0.9078,0.949
0.495,3,0.0093,0.9097,0.9087,0.9078,0.949
0.4955,3,0.0093,0.9097,0.9087,0.9078,0.949
0.496,3,0.0093,0.9097,0.9087,0.9078,0.949
0.4965,3,0.0093,0.9097,0.9087,0.9078,0.949
0.497,3,0.0093,0.9097,0.9087,0.9078,0.949
0.4975,3,0.0093,0.9097,0.9087,0.9078,0.949
0.498,3,0.0093,0.9097,0.9087,0.9078,0.949
0.4985,3,0.0093,0.9097,0.9087,0.9078,0.949
0.499,3,0.0093,0.9097,0.9087,0.9078,0.949
0.4995,3,0.0093,0.9097,0.9087,0.9078,0.949
0.5,3,0.0093,0.9097,0.9087,0.9078,0.949
0.5005,3,0.0093,0.9097,0.9087,0.9078,0.949
0.501,3,0.0093,0.9097,0.9087,0.9078,0.949
0.5015,3,0.0093,0.9097,0.9087,0.9078,0.949
0.502,3,0.0093,0.9097,0.9087,0.9078,0.949
0.5025,3,0.0093,0.9097,0.9087,0.9078,0.949
0.503,3,0.0093,0.9097,0.9087,0.9078,0.949
0.5035,3,0.0093,0.9097,0.9087,0.9078,0.949
0.504,3,0.0093,0.9097,0.9087,0.9078,0.949
0.5045,3,0.0093,0.9097,0.9087,0.9078,0.949
0.505,3,0.0093,0.9097,0.9087,0.9078,0.949
0.5055,3,0.0093,0.9097,0.9087,0.9078,0.949
0.506,3,0.0093,0.9097,0.9087,0.9078,0.949
0.5065,3,0.0093,0.9097,0.9087,0.9078,0.949
0.507,3,0.0093,0.9097,0.9087,0.9078,0.949
0.5075,3,0.0093,0.9097,0.9087,0.9078,0.949
0.508,3,0.0093,0.9097,0.9087,0.9078,0.949
0.5085,3,0.0093,0.9097,0.9087,0.9078,0.949
0.509,3,0.0093,0.9097,0.9087,0.9078,0.949
0.5095,3,0.0093,0.9097,0.9087,0.9078,0.949
0.51,3,0.0093,0.9097,0.9087,0.9078,0.949
0.5105,3,0.0093,0.9097,0.9087,0.9078,0.949
0.511,3,0.0093,0.9097,0.9087,0.9078,0.949
0.5115,3,0.0093,0.9097,0.9087,0.9078,0.949
0.512,3,0.0093,0.9097,0.9087,0.9078,0.949
0.5125,3,0.0093,0.9097,0.9087,0.9078,0.949
0.513,3,0.0093,0.9097,0.9087,0.9078,0.949
0.5135,3,0.0093,0.9097,0.9087,0.9078,0.949
0.514,3,0.0093,0.9097,0.9087,0.9078,0.949
0.5145,3,0.0093,0.9097,0.9087,0.9078,0.949
0.515,3,0.0093,0.9097,0.9087,0.9078,0.949
0.5155,3,0.0093,0.9097,0.9087,0.9078,0.949
0.516,3,0.0093,0.9097,0.9087,0.9078,0.949
0.5165,3,0.0093,0.9097,0.9087,0.9078,0.949
0.517,3,0.0093,0.9097,0.9087,0.9078,0.949
0.5175,3,0.0093,0.9097,0.9087,0.9078,0.949
0.518,3,0.0093,0.9097,0.9087,0.9078,0.949
0.5185,3,0.0093,0.9097,0.9087,0.9078,0.949
0.519,3,0.0093,0.9097,0.9087,0.9078,0.949
0.5195,3,0.0093,0.9097,0.9087,0.9078,0.949
0.52,3,0.0093,0.9097,0.9087,0.9078,0.949
0.5205,3,0.0093,0.9097,0.9087,0.9078,0.949
0.521,3,0.0093,0.9097,0.9087,0.9078,0.949
0.5215,3,0.0093,0.9097,0.9087,0.9078,0.949
0.522,3,0.0093,0.9097,0.9087,0.9078,0.949
0.5225,3,0.0093,0.9097,0.9087,0.9078,0.949
0.523,3,0.0093,0.9097,0.9087,0.9078,0.949
0.5235,3,0.0093,0.9097,0.9087,0.9078,0.949
0.524,3,0.0093,0.9097,0.9087,0.9078,0.949
0.5245,3,0.0093,0.9097,0.9087,0.9078,0.949
0.525,3,0.0093,0.9097,0.9087,0.9078,0.949
0.5255,3,0.0093,0.9097,0.9087,0.9078,0.949
0.526,3,0.0093,0.9097,0.9087,0.9078,0.949
0.5265,3,0.0093,0.9097,0.9087,0.9078,0.949
0.527,3,0.0093,0.9097,0.9087,0.9078,0.949
0.5275,3,0.0093,0.9097,0.9087,0.9078,0.949
0.528,3,0.0093,0.9097,0.9087,0.9078,0.949
0.5285,3,0.0093,0.9097,0.9087,0.9078,0.949
0.529,3,0.0093,0.9097,0.9087,0.9078,0.949
0.5295,3,0.0093,0.9097,0.9087,0.9078,0.949
0.53,3,0.0093,0.9097,0.9087,0.9078,0.949
0.5305,3,0.0093,0.9097,0.9087,0.9078,0.949
0.531,3,0.0093,0.9097,0.9087,0.9078,0.949
0.5315,3,0.0093,0.9097,0.9087,0.9078,0.949
0.532,3,0.0093,0.9097,0.9087,0.9078,0.949
0.5325,3,0.0093,0.9097,0.9087,0.9078,0.949
0.533,3,0.0093,0.9097,0.9087,0.9078,0.949
0.5335,3,0.0093,0.9097,0.9087,0.9078,0.949
0.534,3,0.0093,0.9097,0.9087,0.9078,0.949
0.5345,3,0.0093,0.9097,0.9087,0.9078,0.949
0.535,3,0.0093,0.9097,0.9087,0.9078,0.949
0.5355,3,0.0093,0.9097,0.9087,0.9078,0.949
0.536,3,0.0093,0.9097,0.9087,0.9078,0.949
0.5365,3,0.0093,0.9097,0.9087,0.9078,0.949
0.537,3,0.0093,0.9097,0.9087,0.9078,0.949
0.5375,3,0.0093,0.9097,0.9087,0.9078,0.949
0.538,3,0.0093,0.9097,0.9087,0.9078,0.949
0.5385,3,0.0093,0.9097,0.9087,0.9078,0.949
0.539,3,0.0093,0.9097,0.9087,0.9078,0.949
0.5395,3,0.0093,0.9097,0.9087,0.9078,0.949
0.54,3,0.0093,0.9097,0.9087,0.9078,0.949
0.5405,3,0.0093,0.9097,0.9087,0.9078,0.949
0.541,3,0.0093,0.9097,0.9087,0.9078,0.949
0.5415,3,0.0093,0.9097,0.9087,0.9078,0.949
0.542,3,0.0093,0.9097,0.9087,0.9078,0.949
0.5425,3,0.0093,0.9097,0.9087,0.9078,0.949
0.543,3,0.0093,0.9097,0.9087,0.9078,0.949
0.5435,3,0.0093,0.9097,0.9087,0.9078,0.949
0.544,3,0.0093,0.9097,0.9087,0.9078,0.949
0.5445,3,0.0093,0.9097,0.9087,0.9078,0.949
0.545,3,0.0093,0.9097,0.9087,0.9078,0.949
0.5455,3,0.0093,0.9097,0.9087,0.9078,0.949
0.546,3,0.0093,0.9097,0.9087,0.9078,0.949
0.5465,3,0.0093,0.9097,0.9087,0.9078,0.949
0.547,3,0.0093,0.9097,0.9087,0.9078,0.949
0.5475,3,0.0093,0.9097,0.9087,0.9078,0.949
0.548,3,0.0093,0.9097,0.9087,0.9078,0.949
0.5485,3,0.0093,0.9097,0.9087,0.9078,0.949
0.549,3,0.0093,0.9097,0.9087,0.9078,0.949
0.5495,3,0.0093,0.9097,0.9087,0.9078,0.949
0.55,3,0.0093,0.9097,0.9087,0.9078,0.949
0.5505,3,0.0093,0.9097,0.9087,0.9078,0.949
0.551,3,0.0093,0.9097,0.9087,0.9078,0.949
0.5515,3,0.0093,0.9097,0.9087,0.9078,0.949
0.552,3,0.0093,0.9097,0.9087,0.9078,0.949
0.5525,3,0.0093,0.9097,0.9087,0.9078,0.949
0.553,3,0.0093,0.9097,0.9087,0.9078,0.949
0.5535,3,0.0093,0.9097,0.9087,0.9078,0.949
0.554,3,0.0093,0.9097,0.9087,0.9078,0.949
0.5545,3,0.0093,0.9097,0.9087,0.9078,0.949
0.555,3,0.0093,0.9097,0.9087,0.9078,0.949
0.5555,3,0.0093,0.9097,0.9087,0.9078,0.949
0.556,3,0.0093,0.9097,0.9087,0.9078,0.949
0.5565,3,0.0093,0.9097,0.9087,0.9078,0.949
0.557,3,0.0093,0.9097,0.9087,0.9078,0.949
0.5575,3,0.0093,0.9097,0.9087,0.9078,0.949
0.558,3,0.0093,0.9097,0.9087,0.9078,0.949
0.5585,3,0.0093,0.9097,0.9087,0.9078,0.949
0.559,3,0.0093,0.9097,0.9087,0.9078,0.949
0.5595,3,0.0093,0.9097,0.9087,0.9078,0.949
0.56,3,0.0093,0.9097,0.9087,0.9078,0.949
0.5605,3,0.0093,0.9097,0.9087,0.9078,0.949
0.561,3,0.0093,0.9097,0.9087,0.9078,0.949
0.5615,3,0.0093,0.9097,0.9087,0.9078,0.949
0.562,3,0.0093,0.9097,0.9087,0.9078,0.949
0.5625,3,0.0093,0.9097,0.9087,0.9078,0.949
0.563,3,0.0093,0.9097,0.9087,0.9078,0.949
0.5635,3,0.0093,0.9097,0.9087,0.9078,0.949
0.564,3,0.0093,0.9097,0.9087,0.9078,0.949
0.5645,3,0.0093,0.9097,0.9087,0.9078,0.949
0.565,3,0.0093,0.9097,0.9087,0.9078,0.949
0.5655,3,0.0093,0.9097,0.9087,0.9078,0.949
0.566,3,0.0093,0.9097,0.9087,0.9078,0.949
0.5665,3,0.0093,0.9097,0.9087,0.9078,0.949
0.567,3,0.0093,0.9097,0.9087,0.9078,0.949
0.5675,3,0.0093,0.9097,0.9087,0.9078,0.949
0.568,3,0.0093,0.9097,0.9087,0.9078,0.949
0.5685,3,0.0093,0.9097,0.9087,0.9078,0.949
0.569,3,0.0093,0.9097,0.9087,0.9078,0.949
0.5695,3,0.0093,0.9097,0.9087,0.9078,0.949
0.57,3,0.0093,0.9097,0.9087,0.9078,0.949
0.5705,3,0.0093,0.9097,0.9087,0.9078,0.949
0.571,3,0.0093,0.9097,0.9087,0.9078,0.949
0.5715,3,0.0093,0.9097,0.9087,0.9078,0.949
0.572,3,0.0093,0.9097,0.9087,0.9078,0.949
0.5725,3,0.0093,0.9097,0.9087,0.9078,0.949
0.573,3,0.0093,0.9097,0.9087,0.9078,0.949
0.5735,3,0.0093,0.9097,0.9087,0.9078,0.949
0.574,3,0.0093,0.9097,0.9087,0.9078,0.949
0.5745,3,0.0093,0.9097,0.9087,0.9078,0.949
0.575,3,0.0093,0.9097,0.9087,0.9078,0.949
0.5755,3,0.0093,0.9097,0.9087,0.9078,0.949
0.576,3,0.0093,0.9097,0.9087,0.9078,0.949
0.5765,3,0.0093,0.9097,0.9087,0.9078,0.949
0.577,3,0.0093,0.9097,0.9087,0.9078,0.949
0.5775,3,0.0093,0.9097,0.9087,0.9078,0.949
0.578,3,0.0093,0.9097,0.9087,0.9078,0.949
0.5785,3,0.0093,0.9097,0.9087,0.9078,0.949
0.579,3,0.0093,0.9097,0.9087,0.9078,0.949
0.5795,3,0.0093,0.9097,0.9087,0.9078,0.949
0.58,3,0.0093,0.9097,0.9087,0.9078,0.949
0.5805,3,0.0093,0.9097,0.9087,0.9078,0.949
0.581,3,0.0093,0.9097,0.9087,0.9078,0.949
0.5815,3,0.0093,0.9097,0.9087,0.9078,0.949
0.582,3,0.0093,0.9097,0.9087,0.9078,0.949
0.5825,3,0.0093,0.9097,0.9087,0.9078,0.949
0.583,3,0.0093,0.9097,0.9087,0.9078,0.949
0.5835,3,0.0093,0.9097,0.9087,0.9078,0.949
0.584,3,0.0093,0.9097,0.9087,0.9078,0.949
0.5845,3,0.0093,0.9097,0.9087,0.9078,0.949
0.585,3,0.0093,0.9097,0.9087,0.9078,0.949
0.5855,3,0.0093,0.9097,0.9087,0.9078,0.949
0.586,3,0.0093,0.9097,0.9087,0.9078,0.949
0.5865,3,0.0093,0.9097,0.9087,0.9078,0.949
0.587,3,0.0093,0.9097,0.9087,0.9078,0.949
0.5875,3,0.0093,0.9097,0.9087,0.9078,0.949
0.588,3,0.0093,0.9097,0.9087,0.9078,0.949
0.5885,3,0.0093,0.9097,0.9087,0.9078,0.949
0.589,3,0.0093,0.9097,0.9087,0.9078,0.949
0.5895,3,0.0093,0.9097,0.9087,0.9078,0.949
0.59,3,0.0093,0.9097,0.9087,0.9078,0.949
0.5905,3,0.0093,0.9097,0.9087,0.9078,0.949
0.591,3,0.0093,0.9097,0.9087,0.9078,0.949
0.5915,3,0.0093,0.9097,0.9087,0.9078,0.949
0.592,3,0.0093,0.9097,0.9087,0.9078,0.949
0.5925,3,0.0093,0.9097,0.9087,0.9078,0.949
0.593,3,0.0093,0.9097,0.9087,0.9078,0.949
0.5935,3,0.0093,0.9097,0.9087,0.9078,0.949
0.594,3,0.0093,0.9097,0.9087,0.9078,0.949
0.5945,3,0.0093,0.9097,0.9087,0.9078,0.949
0.595,3,0.0093,0.9097,0.9087,0.9078,0.949
0.5955,3,0.0093,0.9097,0.9087,0.9078,0.949
0.596,3,0.0093,0.9097,0.9087,0.9078,0.949
0.5965,3,0.0093,0.9097,0.9087,0.9078,0.949
0.597,3,0.0093,0.9097,0.9087,0.9078,0.949
0.5975,3,0.0093,0.9097,0.9087,0.9078,0.949
0.598,3,0.0093,0.9097,0.9087,0.9078,0.949
0.5985,3,0.0093,0.9097,0.9087,0.9078,0.949
0.599,3,0.0093,0.9097,0.9087,0.9078,0.949
0.5995,3,0.0093,0.9097,0.9087,0.9078,0.949
0.6,3,0.0093,0.9097,0.9087,0.9078,0.949
0.6005,3,0.0093,0.9097,0.9087,0.9078,0.949
0.601,3,0.0093,0.9097,0.9087,0.9078,0.949
0.6015,3,0.0093,0.9097,0.9087,0.9078,0.949
0.602,3,0.0093,0.9097,0.9087,0.9078,0.949
0.6025,3,0.0093,0.9097,0.9087,0.9078,0.949
0.603,3,0.0093,0.9097,0.9087,0.9078,0.949
0.6035,3,0.0093,0.9097,0.9087,0.9078,0.949
0.604,3,0.0093,0.9097,0.9087,0.9078,0.949
0.6045,3,0.0093,0.9097,0.9087,0.9078,0.949
0.605,3,0.0093,0.9097,0.9087,0.9078,0.949
0.6055,3,0.0093,0.9097,0.9087,0.9078,0.949
0.606,3,0.0093,0.9097,0.9087,0.9078,0.949
0.6065,2,0.0062,0.9065,0.9059,0.9053,0.9462
0.607,2,0.0062,0.9065,0.9059,0.9053,0.9462
0.6075,2,0.0062,0.9065,0.9059,0.9053,0.9462
0.608,2,0.0062,0.9065,0.9059,0.9053,0.9462
0.6085,2,0.0062,0.9065,0.9059,0.9053,0.9462
0.609,2,0.0062,0.9065,0.9059,0.9053,0.9462
0.6095,2,0.0062,0.9065,0.9059,0.9053,0.9462
0.61,2,0.0062,0.9065,0.9059,0.9053,0.9462
0.6105,2,0.0062,0.9065,0.9059,0.9053,0.9462
0.611,2,0.0062,0.9065,0.9059,0.9053,0.9462
0.6115,2,0.0062,0.9065,0.9059,0.9053,0.9462
0.612,2,0.0062,0.9065,0.9059,0.9053,0.9462
0.6125,2,0.0062,0.9065,0.9059,0.9053,0.9462
0.613,2,0.0062,0.9065,0.9059,0.9053,0.9462
0.6135,2,0.0062,0.9065,0.9059,0.9053,0.9462
0.614,2,0.0062,0.9065,0.9059,0.9053,0.9462
0.6145,2,0.0062,0.9065,0.9059,0.9053,0.9462
0.615,2,0.0062,0.9065,0.9059,0.9053,0.9462
0.6155,2,0.0062,0.9065,0.9059,0.9053,0.9462
0.616,2,0.0062,0.9065,0.9059,0.9053,0.9462
0.6165,2,0.0062,0.9065,0.9059,0.9053,0.9462
0.617,2,0.0062,0.9065,0.9059,0.9053,0.9462
0.6175,2,0.0062,0.9065,0.9059,0.9053,0.9462
0.618,2,0.0062,0.9065,0.9059,0.9053,0.9462
0.6185,2,0.0062,0.9065,0.9059,0.9053,0.9462
0.619,2,0.0062,0.9065,0.9059,0.9053,0.9462
0.6195,2,0.0062,0.9065,0.9059,0.9053,0.9462
0.62,2,0.0062,0.9065,0.9059,0.9053,0.9462
0.6205,2,0.0062,0.9065,0.9059,0.9053,0.9462
0.621,2,0.0062,0.9065,0.9059,0.9053,0.9462
0.6215,2,0.0062,0.9065,0.9059,0.9053,0.9462
0.622,2,0.0062,0.9065,0.9059,0.9053,0.9462
0.6225,2,0.0062,0.9065,0.9059,0.9053,0.9462
0.623,2,0.0062,0.9065,0.9059,0.9053,0.9462
0.6235,2,0.0062,0.9065,0.9059,0.9053,0.9462
0.624,2,0.0062,0.9065,0.9059,0.9053,0.9462
0.6245,2,0.0062,0.9065,0.9059,0.9053,0.9462
0.625,2,0.0062,0.9065,0.9059,0.9053,0.9462
0.6255,2,0.0062,0.9065,0.9059,0.9053,0.9462
0.626,2,0.0062,0.9065,0.9059,0.9053,0.9462
0.6265,2,0.0062,0.9065,0.9059,0.9053,0.9462
0.627,2,0.0062,0.9065,0.9059,0.9053,0.9462
0.6275,2,0.0062,0.9065,0.9059,0.9053,0.9462
0.628,2,0.0062,0.9065,0.9059,0.9053,0.9462
0.6285,2,0.0062,0.9065,0.9059,0.9053,0.9462
0.629,2,0.0062,0.9065,0.9059,0.9053,0.9462
0.6295,2,0.0062,0.9065,0.9059,0.9053,0.9462
0.63,2,0.0062,0.9065,0.9059,0.9053,0.9462
0.6305,2,0.0062,0.9065,0.9059,0.9053,0.9462
0.631,2,0.0062,0.9065,0.9059,0.9053,0.9462
0.6315,2,0.0062,0.9065,0.9059,0.9053,0.9462
0.632,2,0.0062,0.9065,0.9059,0.9053,0.9462
0.6325,2,0.0062,0.9065,0.9059,0.9053,0.9462
0.633,2,0.0062,0.9065,0.9059,0.9053,0.9462
0.6335,2,0.0062,0.9065,0.9059,0.9053,0.9462
0.634,2,0.0062,0.9065,0.9059,0.9053,0.9462
0.6345,2,0.0062,0.9065,0.9059,0.9053,0.9462
0.635,2,0.0062,0.9065,0.9059,0.9053,0.9462
0.6355,2,0.0062,0.9065,0.9059,0.9053,0.9462
0.636,2,0.0062,0.9065,0.9059,0.9053,0.9462
0.6365,2,0.0062,0.9065,0.9059,0.9053,0.9462
0.637,2,0.0062,0.9065,0.9059,0.9053,0.9462
0.6375,2,0.0062,0.9065,0.9059,0.9053,0.9462
0.638,2,0.0062,0.9065,0.9059,0.9053,0.9462
0.6385,2,0.0062,0.9065,0.9059,0.9053,0.9462
0.639,2,0.0062,0.9065,0.9059,0.9053,0.9462
0.6395,2,0.0062,0.9065,0.9059,0.9053,0.9462
0.64,2,0.0062,0.9065,0.9059,0.9053,0.9462
0.6405,2,0.0062,0.9065,0.9059,0.9053,0.9462
0.641,2,0.0062,0.9065,0.9059,0.9053,0.9462
0.6415,2,0.0062,0.9065,0.9059,0.9053,0.9462
0.642,2,0.0062,0.9065,0.9059,0.9053,0.9462
0.6425,2,0.0062,0.9065,0.9059,0.9053,0.9462
0.643,2,0.0062,0.9065,0.9059,0.9053,0.9462
0.6435,2,0.0062,0.9065,0.9059,0.9053,0.9462
0.644,2,0.0062,0.9065,0.9059,0.9053,0.9462
0.6445,2,0.0062,0.9065,0.9059,0.9053,0.9462
0.645,2,0.0062,0.9065,0.9059,0.9053,0.9462
0.6455,2,0.0062,0.9065,0.9059,0.9053,0.9462
0.646,2,0.0062,0.9065,0.9059,0.9053,0.9462
0.6465,2,0.0062,0.9065,0.9059,0.9053,0.9462
0.647,2,0.0062,0.9065,0.9059,0.9053,0.9462
0.6475,2,0.0062,0.9065,0.9059,0.9053,0.9462
0.648,2,0.0062,0.9065,0.9059,0.9053,0.9462
0.6485,2,0.0062,0.9065,0.9059,0.9053,0.9462
0.649,2,0.0062,0.9065,0.9059,0.9053,0.9462
0.6495,1,0.0031,0.9065,0.9062,0.9059,0.9462
0.65,1,0.0031,0.9065,0.9062,0.9059,0.9462
0.6505,1,0.0031,0.9065,0.9062,0.9059,0.9462
0.651,1,0.0031,0.9065,0.9062,0.9059,0.9462
0.6515,1,0.0031,0.9065,0.9062,0.9059,0.9462
0.652,1,0.0031,0.9065,0.9062,0.9059,0.9462
0.6525,1,0.0031,0.9065,0.9062,0.9059,0.9462
0.653,1,0.0031,0.9065,0.9062,0.9059,0.9462
0.6535,1,0.0031,0.9065,0.9062,0.9059,0.9462
0.654,1,0.0031,0.9065,0.9062,0.9059,0.9462
0.6545,1,0.0031,0.9065,0.9062,0.9059,0.9462
0.655,1,0.0031,0.9065,0.9062,0.9059,0.9462
0.6555,1,0.0031,0.9065,0.9062,0.9059,0.9462
0.656,1,0.0031,0.9065,0.9062,0.9059,0.9462
0.6565,1,0.0031,0.9065,0.9062,0.9059,0.9462
0.657,1,0.0031,0.9065,0.9062,0.9059,0.9462
0.6575,1,0.0031,0.9065,0.9062,0.9059,0.9462
0.658,1,0.0031,0.9065,0.9062,0.9059,0.9462
0.6585,1,0.0031,0.9065,0.9062,0.9059,0.9462
0.659,1,0.0031,0.9065,0.9062,0.9059,0.9462
0.6595,1,0.0031,0.9065,0.9062,0.9059,0.9462
0.66,1,0.0031,0.9065,0.9062,0.9059,0.9462
0.6605,1,0.0031,0.9065,0.9062,0.9059,0.9462
0.661,1,0.0031,0.9065,0.9062,0.9059,0.9462
0.6615,1,0.0031,0.9065,0.9062,0.9059,0.9462
0.662,1,0.0031,0.9065,0.9062,0.9059,0.9462
0.6625,1,0.0031,0.9065,0.9062,0.9059,0.9462
0.663,1,0.0031,0.9065,0.9062,0.9059,0.9462
0.6635,1,0.0031,0.9065,0.9062,0.9059,0.9462
0.664,1,0.0031,0.9065,0.9062,0.9059,0.9462
0.6645,1,0.0031,0.9065,0.9062,0.9059,0.9462
0.665,1,0.0031,0.9065,0.9062,0.9059,0.9462
0.6655,1,0.0031,0.9065,0.9062,0.9059,0.9462
0.666,1,0.0031,0.9065,0.9062,0.9059,0.9462
0.6665,1,0.0031,0.9065,0.9062,0.9059,0.9462
0.667,1,0.0031,0.9065,0.9062,0.9059,0.9462
0.6675,1,0.0031,0.9065,0.9062,0.9059,0.9462
0.668,1,0.0031,0.9065,0.9062,0.9059,0.9462
0.6685,1,0.0031,0.9065,0.9062,0.9059,0.9462
0.669,1,0.0031,0.9065,0.9062,0.9059,0.9462
0.6695,1,0.0031,0.9065,0.9062,0.9059,0.9462
0.67,1,0.0031,0.9065,0.9062,0.9059,0.9462
0.6705,1,0.0031,0.9065,0.9062,0.9059,0.9462
0.671,1,0.0031,0.9065,0.9062,0.9059,0.9462
0.6715,1,0.0031,0.9065,0.9062,0.9059,0.9462
0.672,1,0.0031,0.9065,0.9062,0.9059,0.9462
0.6725,1,0.0031,0.9065,0.9062,0.9059,0.9462
0.673,1,0.0031,0.9065,0.9062,0.9059,0.9462
0.6735,1,0.0031,0.9065,0.9062,0.9059,0.9462
0.674,1,0.0031,0.9065,0.9062,0.9059,0.9462
0.6745,0,0.0,0.9034,0.9034,0.9034,0.9418
0.675,0,0.0,0.9034,0.9034,0.9034,0.9418
0.6755,0,0.0,0.9034,0.9034,0.9034,0.9418
0.676,0,0.0,0.9034,0.9034,0.9034,0.9418
0.6765,0,0.0,0.9034,0.9034,0.9034,0.9418
0.677,0,0.0,0.9034,0.9034,0.9034,0.9418
0.6775,0,0.0,0.9034,0.9034,0.9034,0.9418
0.678,0,0.0,0.9034,0.9034,0.9034,0.9418
0.6785,0,0.0,0.9034,0.9034,0.9034,0.9418
0.679,0,0.0,0.9034,0.9034,0.9034,0.9418
0.6795,0,0.0,0.9034,0.9034,0.9034,0.9418
0.68,0,0.0,0.9034,0.9034,0.9034,0.9418
0.6805,0,0.0,0.9034,0.9034,0.9034,0.9418
0.681,0,0.0,0.9034,0.9034,0.9034,0.9418
0.6815,0,0.0,0.9034,0.9034,0.9034,0.9418
0.682,0,0.0,0.9034,0.9034,0.9034,0.9418
0.6825,0,0.0,0.9034,0.9034,0.9034,0.9418
0.683,0,0.0,0.9034,0.9034,0.9034,0.9418
0.6835,0,0.0,0.9034,0.9034,0.9034,0.9418
0.684,0,0.0,0.9034,0.9034,0.9034,0.9418
0.6845,0,0.0,0.9034,0.9034,0.9034,0.9418
0.685,0,0.0,0.9034,0.9034,0.9034,0.9418
0.6855,0,0.0,0.9034,0.9034,0.9034,0.9418
0.686,0,0.0,0.9034,0.9034,0.9034,0.9418
0.6865,0,0.0,0.9034,0.9034,0.9034,0.9418
0.687,0,0.0,0.9034,0.9034,0.9034,0.9418
0.6875,0,0.0,0.9034,0.9034,0.9034,0.9418
0.688,0,0.0,0.9034,0.9034,0.9034,0.9418
0.6885,0,0.0,0.9034,0.9034,0.9034,0.9418
0.689,0,0.0,0.9034,0.9034,0.9034,0.9418
0.6895,0,0.0,0.9034,0.9034,0.9034,0.9418
0.69,0,0.0,0.9034,0.9034,0.9034,0.9418
0.6905,0,0.0,0.9034,0.9034,0.9034,0.9418
0.691,0,0.0,0.9034,0.9034,0.9034,0.9418
0.6915,0,0.0,0.9034,0.9034,0.9034,0.9418
0.692,0,0.0,0.9034,0.9034,0.9034,0.9418
0.6925,0,0.0,0.9034,0.9034,0.9034,0.9418
0.693,0,0.0,0.9034,0.9034,0.9034,0.9418
0.6935,0,0.0,0.9034,0.9034,0.9034,0.9418
0.694,0,0.0,0.9034,0.9034,0.9034,0.9418
0.6945,0,0.0,0.9034,0.9034,0.9034,0.9418
0.695,0,0.0,0.9034,0.9034,0.9034,0.9418
0.6955,0,0.0,0.9034,0.9034,0.9034,0.9418
0.696,0,0.0,0.9034,0.9034,0.9034,0.9418
0.6965,0,0.0,0.9034,0.9034,0.9034,0.9418
0.697,0,0.0,0.9034,0.9034,0.9034,0.9418
0.6975,0,0.0,0.9034,0.9034,0.9034,0.9418
0.698,0,0.0,0.9034,0.9034,0.9034,0.9418
0.6985,0,0.0,0.9034,0.9034,0.9034,0.9418
0.699,0,0.0,0.9034,0.9034,0.9034,0.9418
0.6995,0,0.0,0.9034,0.9034,0.9034,0.9418
0.7,0,0.0,0.9034,0.9034,0.9034,0.9418
